epiweek,time_value,issue,geo_type,geo_value,hpiv_positive_tests,adv_positive_tests,hmpv_positive_tests,evrv_positive_tests,hcov_positive_tests,rsv_positive_tests,flu_positive_tests
202035,2020-08-29,2021-09-02,nation,ca,3,10,6,322,2,1,1.0
202036,2020-09-05,2021-09-02,nation,ca,7,14,2,279,0,2,0.0
202037,2020-09-12,2021-09-02,nation,ca,5,14,2,312,2,1,0.0
202038,2020-09-19,2021-09-02,nation,ca,3,24,1,645,0,6,1.0
202039,2020-09-26,2021-09-02,nation,ca,1,9,2,1121,2,3,0.0
202040,2020-10-03,2021-09-02,nation,ca,1,22,0,811,4,5,0.0
202041,2020-10-10,2021-09-02,nation,ca,3,18,9,729,1,7,1.0
202042,2020-10-17,2021-09-02,nation,ca,3,23,3,647,0,5,0.0
202043,2020-10-24,2021-09-02,nation,ca,4,21,1,720,0,6,1.0
202044,2020-10-31,2021-09-02,nation,ca,2,15,9,610,0,5,7.0
202045,2020-11-07,2021-09-02,nation,ca,1,25,1,731,2,4,4.0
202046,2020-11-14,2021-09-02,nation,ca,3,23,3,678,2,7,4.0
202047,2020-11-21,2021-09-02,nation,ca,5,25,2,669,3,4,9.0
202048,2020-11-28,2021-09-02,nation,ca,2,28,2,662,1,3,10.0
202049,2020-12-05,2021-09-02,nation,ca,0,30,3,370,2,7,8.0
202050,2020-12-12,2021-09-02,nation,ca,3,28,1,353,4,7,2.0
202051,2020-12-19,2021-09-02,nation,ca,2,27,2,244,2,6,2.0
202052,2020-12-26,2021-09-02,nation,ca,1,18,4,238,2,1,0.0
202053,2021-01-02,2021-09-02,nation,ca,4,27,2,173,3,3,2.0
202101,2021-01-09,2021-09-02,nation,ca,3,32,1,195,5,6,0.0
202102,2021-01-16,2021-09-02,nation,ca,2,15,4,130,8,5,5.0
202103,2021-01-23,2021-09-02,nation,ca,2,15,4,120,4,4,0.0
202104,2021-01-30,2021-09-02,nation,ca,2,9,5,142,3,3,0.0
202105,2021-02-06,2021-09-02,nation,ca,3,17,6,155,5,6,2.0
202106,2021-02-13,2021-09-02,nation,ca,0,15,4,162,3,2,3.0
202107,2021-02-20,2021-09-02,nation,ca,4,18,1,110,3,4,2.0
202108,2021-02-27,2021-09-02,nation,ca,2,23,3,139,8,1,0.0
202109,2021-03-06,2021-09-02,nation,ca,2,12,0,139,8,0,0.0
202110,2021-03-13,2021-09-02,nation,ca,6,20,3,124,8,3,2.0
202111,2021-03-20,2021-09-02,nation,ca,0,10,4,124,12,7,0.0
202112,2021-03-27,2021-09-02,nation,ca,5,10,2,132,7,4,0.0
202113,2021-04-03,2021-09-02,nation,ca,0,9,1,137,9,8,0.0
202114,2021-04-10,2021-09-02,nation,ca,3,24,1,187,21,10,2.0
202115,2021-04-17,2021-09-02,nation,ca,4,20,1,141,13,20,0.0
202116,2021-04-24,2021-09-02,nation,ca,14,8,1,153,17,21,0.0
202117,2021-05-01,2021-09-02,nation,ca,2,19,0,131,14,28,1.0
202118,2021-05-08,2021-09-02,nation,ca,5,23,1,161,17,23,0.0
202119,2021-05-15,2021-09-02,nation,ca,1,15,3,158,13,14,2.0
202120,2021-05-22,2021-09-02,nation,ca,5,21,2,120,19,15,1.0
202121,2021-05-29,2021-09-02,nation,ca,6,14,2,72,10,14,0.0
202122,2021-06-05,2021-09-02,nation,ca,3,12,1,93,10,9,0.0
202123,2021-06-12,2021-09-02,nation,ca,25,23,2,117,8,15,1.0
202124,2021-06-19,2021-09-02,nation,ca,37,21,0,105,6,15,2.0
202125,2021-06-26,2021-09-02,nation,ca,42,19,2,123,7,13,0.0
202126,2021-07-03,2021-09-02,nation,ca,59,15,0,135,10,18,0.0
202127,2021-07-10,2021-09-02,nation,ca,35,19,1,180,2,4,0.0
202128,2021-07-17,2021-09-02,nation,ca,73,19,1,252,12,32,0.0
202129,2021-07-24,2021-09-02,nation,ca,29,16,2,277,14,37,1.0
202130,2021-07-31,2021-09-02,nation,ca,33,14,4,529,7,56,0.0
202131,2021-08-07,2021-09-02,nation,ca,41,19,4,321,7,55,0.0
202132,2021-08-14,2021-09-02,nation,ca,42,16,1,423,6,88,0.0
202133,2021-08-21,2021-09-02,nation,ca,75,19,4,357,11,154,1.0
202134,2021-08-28,2021-09-02,nation,ca,127,22,2,457,14,209,3.0
202035,2020-08-29,2021-08-26,nation,ca,3,10,6,322,2,1,1.0
202036,2020-09-05,2021-08-26,nation,ca,7,14,2,279,0,2,0.0
202037,2020-09-12,2021-08-26,nation,ca,5,14,2,312,2,1,0.0
202038,2020-09-19,2021-08-26,nation,ca,3,24,1,645,0,6,1.0
202039,2020-09-26,2021-08-26,nation,ca,1,9,2,1121,2,3,0.0
202040,2020-10-03,2021-08-26,nation,ca,1,22,0,811,4,5,0.0
202041,2020-10-10,2021-08-26,nation,ca,3,18,9,729,1,7,1.0
202042,2020-10-17,2021-08-26,nation,ca,3,23,3,647,0,5,0.0
202043,2020-10-24,2021-08-26,nation,ca,4,21,1,720,0,6,1.0
202044,2020-10-31,2021-08-26,nation,ca,2,15,9,610,0,5,7.0
202045,2020-11-07,2021-08-26,nation,ca,1,25,1,731,2,4,4.0
202046,2020-11-14,2021-08-26,nation,ca,3,23,3,678,2,7,4.0
202047,2020-11-21,2021-08-26,nation,ca,5,25,2,669,3,4,9.0
202048,2020-11-28,2021-08-26,nation,ca,2,28,2,662,1,3,10.0
202049,2020-12-05,2021-08-26,nation,ca,0,30,3,370,2,7,8.0
202050,2020-12-12,2021-08-26,nation,ca,3,28,1,353,4,7,2.0
202051,2020-12-19,2021-08-26,nation,ca,2,27,2,244,2,6,2.0
202052,2020-12-26,2021-08-26,nation,ca,1,18,4,238,2,1,0.0
202053,2021-01-02,2021-08-26,nation,ca,4,27,2,173,3,3,2.0
202101,2021-01-09,2021-08-26,nation,ca,3,32,1,195,5,6,0.0
202102,2021-01-16,2021-08-26,nation,ca,2,15,4,130,8,5,5.0
202103,2021-01-23,2021-08-26,nation,ca,2,15,4,120,4,4,0.0
202104,2021-01-30,2021-08-26,nation,ca,2,9,5,142,3,3,0.0
202105,2021-02-06,2021-08-26,nation,ca,3,17,6,155,5,6,2.0
202106,2021-02-13,2021-08-26,nation,ca,0,15,4,162,3,2,3.0
202107,2021-02-20,2021-08-26,nation,ca,4,18,1,110,3,4,2.0
202108,2021-02-27,2021-08-26,nation,ca,2,23,3,139,8,1,0.0
202109,2021-03-06,2021-08-26,nation,ca,2,12,0,139,8,0,0.0
202110,2021-03-13,2021-08-26,nation,ca,6,20,3,124,8,3,2.0
202111,2021-03-20,2021-08-26,nation,ca,0,10,4,124,12,7,0.0
202112,2021-03-27,2021-08-26,nation,ca,5,10,2,132,7,4,0.0
202113,2021-04-03,2021-08-26,nation,ca,0,9,1,137,9,8,0.0
202114,2021-04-10,2021-08-26,nation,ca,3,24,1,187,21,10,2.0
202115,2021-04-17,2021-08-26,nation,ca,4,20,1,141,13,20,0.0
202116,2021-04-24,2021-08-26,nation,ca,14,8,1,153,17,21,0.0
202117,2021-05-01,2021-08-26,nation,ca,2,19,0,131,14,28,1.0
202118,2021-05-08,2021-08-26,nation,ca,5,23,1,161,17,23,0.0
202119,2021-05-15,2021-08-26,nation,ca,1,15,3,158,13,14,2.0
202120,2021-05-22,2021-08-26,nation,ca,5,21,2,120,19,15,1.0
202121,2021-05-29,2021-08-26,nation,ca,6,14,2,72,10,14,0.0
202122,2021-06-05,2021-08-26,nation,ca,3,12,1,93,10,9,0.0
202123,2021-06-12,2021-08-26,nation,ca,25,23,2,117,8,15,1.0
202124,2021-06-19,2021-08-26,nation,ca,37,21,0,105,6,15,2.0
202125,2021-06-26,2021-08-26,nation,ca,42,19,2,123,7,13,0.0
202126,2021-07-03,2021-08-26,nation,ca,59,15,0,135,10,18,0.0
202127,2021-07-10,2021-08-26,nation,ca,35,19,1,180,2,4,0.0
202128,2021-07-17,2021-08-26,nation,ca,73,19,1,252,12,32,0.0
202129,2021-07-24,2021-08-26,nation,ca,29,16,2,277,14,37,1.0
202130,2021-07-31,2021-08-26,nation,ca,33,14,4,529,7,56,0.0
202131,2021-08-07,2021-08-26,nation,ca,41,19,4,321,7,55,0.0
202132,2021-08-14,2021-08-26,nation,ca,42,16,1,423,6,88,0.0
202133,2021-08-21,2021-08-26,nation,ca,75,18,3,335,10,154,3.0
202035,2020-08-29,2021-08-20,nation,ca,3,10,6,322,2,1,1.0
202036,2020-09-05,2021-08-20,nation,ca,7,14,2,279,0,2,0.0
202037,2020-09-12,2021-08-20,nation,ca,5,14,2,312,2,1,0.0
202038,2020-09-19,2021-08-20,nation,ca,3,24,1,645,0,6,1.0
202039,2020-09-26,2021-08-20,nation,ca,1,9,2,1121,2,3,0.0
202040,2020-10-03,2021-08-20,nation,ca,1,22,0,811,4,5,0.0
202041,2020-10-10,2021-08-20,nation,ca,3,18,9,729,1,7,1.0
202042,2020-10-17,2021-08-20,nation,ca,3,23,3,647,0,5,0.0
202043,2020-10-24,2021-08-20,nation,ca,4,21,1,720,0,6,1.0
202044,2020-10-31,2021-08-20,nation,ca,2,15,9,610,0,5,7.0
202045,2020-11-07,2021-08-20,nation,ca,1,25,1,731,2,4,4.0
202046,2020-11-14,2021-08-20,nation,ca,3,23,3,678,2,7,4.0
202047,2020-11-21,2021-08-20,nation,ca,5,25,2,669,3,4,9.0
202048,2020-11-28,2021-08-20,nation,ca,2,28,2,662,1,3,10.0
202049,2020-12-05,2021-08-20,nation,ca,0,30,3,370,2,7,8.0
202050,2020-12-12,2021-08-20,nation,ca,3,28,1,353,4,7,2.0
202051,2020-12-19,2021-08-20,nation,ca,2,27,2,244,2,6,2.0
202052,2020-12-26,2021-08-20,nation,ca,1,18,4,238,2,1,0.0
202053,2021-01-02,2021-08-20,nation,ca,4,27,2,173,3,3,2.0
202101,2021-01-09,2021-08-20,nation,ca,3,32,1,195,5,6,0.0
202102,2021-01-16,2021-08-20,nation,ca,2,15,4,130,8,5,5.0
202103,2021-01-23,2021-08-20,nation,ca,2,15,4,120,4,4,0.0
202104,2021-01-30,2021-08-20,nation,ca,2,9,5,142,3,3,0.0
202105,2021-02-06,2021-08-20,nation,ca,3,17,6,155,5,6,2.0
202106,2021-02-13,2021-08-20,nation,ca,0,15,4,162,3,2,3.0
202107,2021-02-20,2021-08-20,nation,ca,4,18,1,110,3,4,2.0
202108,2021-02-27,2021-08-20,nation,ca,2,23,3,139,8,1,0.0
202109,2021-03-06,2021-08-20,nation,ca,2,12,0,139,8,0,0.0
202110,2021-03-13,2021-08-20,nation,ca,6,20,3,124,8,3,2.0
202111,2021-03-20,2021-08-20,nation,ca,0,10,4,124,12,7,0.0
202112,2021-03-27,2021-08-20,nation,ca,5,10,2,132,7,4,0.0
202113,2021-04-03,2021-08-20,nation,ca,0,9,1,137,9,8,0.0
202114,2021-04-10,2021-08-20,nation,ca,3,24,1,187,21,10,2.0
202115,2021-04-17,2021-08-20,nation,ca,4,20,1,141,13,20,0.0
202116,2021-04-24,2021-08-20,nation,ca,14,8,1,153,17,21,0.0
202117,2021-05-01,2021-08-20,nation,ca,2,19,0,131,14,28,1.0
202118,2021-05-08,2021-08-20,nation,ca,5,23,1,161,17,23,0.0
202119,2021-05-15,2021-08-20,nation,ca,1,15,3,158,13,14,2.0
202120,2021-05-22,2021-08-20,nation,ca,5,21,2,120,19,15,1.0
202121,2021-05-29,2021-08-20,nation,ca,6,14,2,72,10,14,0.0
202122,2021-06-05,2021-08-20,nation,ca,3,12,1,93,10,9,0.0
202123,2021-06-12,2021-08-20,nation,ca,25,23,2,117,8,15,1.0
202124,2021-06-19,2021-08-20,nation,ca,37,21,0,105,6,15,2.0
202125,2021-06-26,2021-08-20,nation,ca,42,19,2,123,7,13,0.0
202126,2021-07-03,2021-08-20,nation,ca,59,15,0,135,10,18,0.0
202127,2021-07-10,2021-08-20,nation,ca,35,19,1,180,2,4,0.0
202128,2021-07-17,2021-08-20,nation,ca,73,19,1,252,12,32,0.0
202129,2021-07-24,2021-08-20,nation,ca,29,16,2,277,14,37,1.0
202130,2021-07-31,2021-08-20,nation,ca,33,14,4,529,7,56,0.0
202131,2021-08-07,2021-08-20,nation,ca,41,16,4,306,7,55,0.0
202132,2021-08-14,2021-08-20,nation,ca,34,14,1,222,4,88,0.0
202035,2020-08-29,2021-08-12,nation,ca,3,10,6,322,2,1,1.0
202036,2020-09-05,2021-08-12,nation,ca,7,14,2,279,0,2,0.0
202037,2020-09-12,2021-08-12,nation,ca,5,14,2,312,2,1,0.0
202038,2020-09-19,2021-08-12,nation,ca,3,24,1,645,0,6,1.0
202039,2020-09-26,2021-08-12,nation,ca,1,9,2,1121,2,3,0.0
202040,2020-10-03,2021-08-12,nation,ca,1,22,0,811,4,5,0.0
202041,2020-10-10,2021-08-12,nation,ca,3,18,9,729,1,7,1.0
202042,2020-10-17,2021-08-12,nation,ca,3,23,3,647,0,5,0.0
202043,2020-10-24,2021-08-12,nation,ca,4,21,1,720,0,6,1.0
202044,2020-10-31,2021-08-12,nation,ca,2,15,9,610,0,5,7.0
202045,2020-11-07,2021-08-12,nation,ca,1,25,1,731,2,4,4.0
202046,2020-11-14,2021-08-12,nation,ca,3,23,3,678,2,7,4.0
202047,2020-11-21,2021-08-12,nation,ca,5,25,2,669,3,4,9.0
202048,2020-11-28,2021-08-12,nation,ca,2,28,2,662,1,3,10.0
202049,2020-12-05,2021-08-12,nation,ca,0,30,3,370,2,7,8.0
202050,2020-12-12,2021-08-12,nation,ca,3,28,1,353,4,7,2.0
202051,2020-12-19,2021-08-12,nation,ca,2,27,2,244,2,6,2.0
202052,2020-12-26,2021-08-12,nation,ca,1,18,4,238,2,1,0.0
202053,2021-01-02,2021-08-12,nation,ca,4,27,2,173,3,3,2.0
202101,2021-01-09,2021-08-12,nation,ca,3,32,1,195,5,6,0.0
202102,2021-01-16,2021-08-12,nation,ca,2,15,4,130,8,5,5.0
202103,2021-01-23,2021-08-12,nation,ca,2,15,4,120,4,4,0.0
202104,2021-01-30,2021-08-12,nation,ca,2,9,5,142,3,3,0.0
202105,2021-02-06,2021-08-12,nation,ca,3,17,6,155,5,6,2.0
202106,2021-02-13,2021-08-12,nation,ca,0,15,4,162,3,2,3.0
202107,2021-02-20,2021-08-12,nation,ca,4,18,1,110,3,4,2.0
202108,2021-02-27,2021-08-12,nation,ca,2,23,3,139,8,1,0.0
202109,2021-03-06,2021-08-12,nation,ca,2,12,0,139,8,0,0.0
202110,2021-03-13,2021-08-12,nation,ca,6,20,3,124,8,3,2.0
202111,2021-03-20,2021-08-12,nation,ca,0,10,4,124,12,7,0.0
202112,2021-03-27,2021-08-12,nation,ca,5,10,2,132,7,4,0.0
202113,2021-04-03,2021-08-12,nation,ca,0,9,1,137,9,8,0.0
202114,2021-04-10,2021-08-12,nation,ca,3,24,1,187,21,10,2.0
202115,2021-04-17,2021-08-12,nation,ca,4,20,1,141,13,20,0.0
202116,2021-04-24,2021-08-12,nation,ca,14,8,1,153,17,21,0.0
202117,2021-05-01,2021-08-12,nation,ca,2,19,0,131,14,28,1.0
202118,2021-05-08,2021-08-12,nation,ca,5,23,1,161,17,23,0.0
202119,2021-05-15,2021-08-12,nation,ca,1,15,3,158,13,14,2.0
202120,2021-05-22,2021-08-12,nation,ca,5,21,2,120,19,15,1.0
202121,2021-05-29,2021-08-12,nation,ca,6,14,2,72,10,14,0.0
202122,2021-06-05,2021-08-12,nation,ca,3,12,1,93,10,9,0.0
202123,2021-06-12,2021-08-12,nation,ca,25,23,2,117,8,15,1.0
202124,2021-06-19,2021-08-12,nation,ca,37,21,0,105,6,15,2.0
202125,2021-06-26,2021-08-12,nation,ca,42,19,2,123,7,13,0.0
202126,2021-07-03,2021-08-12,nation,ca,59,15,0,135,10,18,0.0
202127,2021-07-10,2021-08-12,nation,ca,35,19,1,180,2,4,0.0
202128,2021-07-17,2021-08-12,nation,ca,73,19,1,252,12,32,0.0
202129,2021-07-24,2021-08-12,nation,ca,29,16,2,277,14,37,1.0
202130,2021-07-31,2021-08-12,nation,ca,32,14,4,505,7,56,0.0
202131,2021-08-07,2021-08-12,nation,ca,30,16,4,263,7,54,0.0
202035,2020-08-29,2021-08-05,nation,ca,3,10,6,322,2,1,1.0
202036,2020-09-05,2021-08-05,nation,ca,7,14,2,279,0,2,0.0
202037,2020-09-12,2021-08-05,nation,ca,5,14,2,312,2,1,0.0
202038,2020-09-19,2021-08-05,nation,ca,3,24,1,645,0,6,1.0
202039,2020-09-26,2021-08-05,nation,ca,1,9,2,1121,2,3,0.0
202040,2020-10-03,2021-08-05,nation,ca,1,22,0,811,4,5,0.0
202041,2020-10-10,2021-08-05,nation,ca,3,18,9,729,1,7,1.0
202042,2020-10-17,2021-08-05,nation,ca,3,23,3,647,0,5,0.0
202043,2020-10-24,2021-08-05,nation,ca,4,21,1,720,0,6,1.0
202044,2020-10-31,2021-08-05,nation,ca,2,15,9,610,0,5,7.0
202045,2020-11-07,2021-08-05,nation,ca,1,25,1,731,2,4,4.0
202046,2020-11-14,2021-08-05,nation,ca,3,23,3,678,2,7,4.0
202047,2020-11-21,2021-08-05,nation,ca,5,25,2,669,3,4,9.0
202048,2020-11-28,2021-08-05,nation,ca,2,28,2,662,1,3,10.0
202049,2020-12-05,2021-08-05,nation,ca,0,30,3,370,2,7,8.0
202050,2020-12-12,2021-08-05,nation,ca,3,28,1,353,4,7,2.0
202051,2020-12-19,2021-08-05,nation,ca,2,27,2,244,2,6,2.0
202052,2020-12-26,2021-08-05,nation,ca,1,18,4,238,2,1,0.0
202053,2021-01-02,2021-08-05,nation,ca,4,27,2,173,3,3,2.0
202101,2021-01-09,2021-08-05,nation,ca,3,32,1,195,5,6,0.0
202102,2021-01-16,2021-08-05,nation,ca,2,15,4,130,8,5,5.0
202103,2021-01-23,2021-08-05,nation,ca,2,15,4,120,4,4,0.0
202104,2021-01-30,2021-08-05,nation,ca,2,9,5,142,3,3,0.0
202105,2021-02-06,2021-08-05,nation,ca,3,17,6,155,5,6,2.0
202106,2021-02-13,2021-08-05,nation,ca,0,15,4,162,3,2,3.0
202107,2021-02-20,2021-08-05,nation,ca,4,18,1,110,3,4,2.0
202108,2021-02-27,2021-08-05,nation,ca,2,23,3,139,8,1,0.0
202109,2021-03-06,2021-08-05,nation,ca,2,12,0,139,8,0,0.0
202110,2021-03-13,2021-08-05,nation,ca,6,20,3,124,8,3,2.0
202111,2021-03-20,2021-08-05,nation,ca,0,10,4,124,12,7,0.0
202112,2021-03-27,2021-08-05,nation,ca,5,10,2,132,7,4,0.0
202113,2021-04-03,2021-08-05,nation,ca,0,9,1,137,9,8,0.0
202114,2021-04-10,2021-08-05,nation,ca,3,24,1,187,21,10,2.0
202115,2021-04-17,2021-08-05,nation,ca,4,20,1,141,13,20,0.0
202116,2021-04-24,2021-08-05,nation,ca,14,8,1,153,17,21,0.0
202117,2021-05-01,2021-08-05,nation,ca,2,19,0,131,14,28,1.0
202118,2021-05-08,2021-08-05,nation,ca,5,23,1,161,17,23,0.0
202119,2021-05-15,2021-08-05,nation,ca,1,15,3,158,13,14,2.0
202120,2021-05-22,2021-08-05,nation,ca,5,21,2,120,19,15,1.0
202121,2021-05-29,2021-08-05,nation,ca,6,14,2,72,10,14,0.0
202122,2021-06-05,2021-08-05,nation,ca,3,12,1,93,10,9,0.0
202123,2021-06-12,2021-08-05,nation,ca,25,23,2,117,8,15,1.0
202124,2021-06-19,2021-08-05,nation,ca,37,21,0,105,6,15,2.0
202125,2021-06-26,2021-08-05,nation,ca,42,19,2,123,7,13,0.0
202126,2021-07-03,2021-08-05,nation,ca,59,15,0,135,10,18,0.0
202127,2021-07-10,2021-08-05,nation,ca,35,19,1,180,2,4,0.0
202128,2021-07-17,2021-08-05,nation,ca,73,19,1,252,12,32,0.0
202129,2021-07-24,2021-08-05,nation,ca,29,16,2,277,14,37,1.0
202130,2021-07-31,2021-08-05,nation,ca,31,15,0,490,7,56,0.0
202035,2020-08-29,2021-07-29,nation,ca,3,10,6,322,2,1,1.0
202036,2020-09-05,2021-07-29,nation,ca,7,14,2,279,0,2,0.0
202037,2020-09-12,2021-07-29,nation,ca,5,14,2,312,2,1,0.0
202038,2020-09-19,2021-07-29,nation,ca,3,24,1,645,0,6,1.0
202039,2020-09-26,2021-07-29,nation,ca,1,9,2,1121,2,3,0.0
202040,2020-10-03,2021-07-29,nation,ca,1,22,0,811,4,5,0.0
202041,2020-10-10,2021-07-29,nation,ca,3,18,9,729,1,7,1.0
202042,2020-10-17,2021-07-29,nation,ca,3,23,3,647,0,5,0.0
202043,2020-10-24,2021-07-29,nation,ca,4,21,1,720,0,6,1.0
202044,2020-10-31,2021-07-29,nation,ca,2,15,9,610,0,5,7.0
202045,2020-11-07,2021-07-29,nation,ca,1,25,1,731,2,4,4.0
202046,2020-11-14,2021-07-29,nation,ca,3,23,3,678,2,7,4.0
202047,2020-11-21,2021-07-29,nation,ca,5,25,2,669,3,4,9.0
202048,2020-11-28,2021-07-29,nation,ca,2,28,2,662,1,3,10.0
202049,2020-12-05,2021-07-29,nation,ca,0,30,3,370,2,7,8.0
202050,2020-12-12,2021-07-29,nation,ca,3,28,1,353,4,7,2.0
202051,2020-12-19,2021-07-29,nation,ca,2,27,2,244,2,6,2.0
202052,2020-12-26,2021-07-29,nation,ca,1,18,4,238,2,1,0.0
202053,2021-01-02,2021-07-29,nation,ca,4,27,2,173,3,3,2.0
202101,2021-01-09,2021-07-29,nation,ca,3,32,1,195,5,6,0.0
202102,2021-01-16,2021-07-29,nation,ca,2,15,4,130,8,5,5.0
202103,2021-01-23,2021-07-29,nation,ca,2,15,4,120,4,4,0.0
202104,2021-01-30,2021-07-29,nation,ca,2,9,5,142,3,3,0.0
202105,2021-02-06,2021-07-29,nation,ca,3,17,6,155,5,6,2.0
202106,2021-02-13,2021-07-29,nation,ca,0,15,4,162,3,2,3.0
202107,2021-02-20,2021-07-29,nation,ca,4,18,1,110,3,4,2.0
202108,2021-02-27,2021-07-29,nation,ca,2,23,3,139,8,1,0.0
202109,2021-03-06,2021-07-29,nation,ca,2,12,0,139,8,0,0.0
202110,2021-03-13,2021-07-29,nation,ca,6,20,3,124,8,3,2.0
202111,2021-03-20,2021-07-29,nation,ca,0,10,4,124,12,7,0.0
202112,2021-03-27,2021-07-29,nation,ca,5,10,2,132,7,4,0.0
202113,2021-04-03,2021-07-29,nation,ca,0,9,1,137,9,8,0.0
202114,2021-04-10,2021-07-29,nation,ca,3,24,1,187,21,10,2.0
202115,2021-04-17,2021-07-29,nation,ca,4,20,1,141,13,20,0.0
202116,2021-04-24,2021-07-29,nation,ca,14,8,1,153,17,21,0.0
202117,2021-05-01,2021-07-29,nation,ca,2,19,0,131,14,28,1.0
202118,2021-05-08,2021-07-29,nation,ca,5,23,1,161,17,23,0.0
202119,2021-05-15,2021-07-29,nation,ca,1,15,3,158,13,14,2.0
202120,2021-05-22,2021-07-29,nation,ca,5,21,2,120,19,15,1.0
202121,2021-05-29,2021-07-29,nation,ca,6,14,2,72,10,14,0.0
202122,2021-06-05,2021-07-29,nation,ca,3,12,1,93,10,9,0.0
202123,2021-06-12,2021-07-29,nation,ca,25,23,2,117,8,15,1.0
202124,2021-06-19,2021-07-29,nation,ca,37,21,0,105,6,15,2.0
202125,2021-06-26,2021-07-29,nation,ca,42,19,2,123,7,13,0.0
202126,2021-07-03,2021-07-29,nation,ca,59,15,0,135,10,18,0.0
202127,2021-07-10,2021-07-29,nation,ca,35,19,1,180,2,4,0.0
202128,2021-07-17,2021-07-29,nation,ca,73,19,1,252,12,32,0.0
202129,2021-07-24,2021-07-29,nation,ca,29,15,2,242,13,37,1.0
202035,2020-08-29,2021-07-22,nation,ca,3,10,6,322,2,1,1.0
202036,2020-09-05,2021-07-22,nation,ca,7,14,2,279,0,2,0.0
202037,2020-09-12,2021-07-22,nation,ca,5,14,2,312,2,1,0.0
202038,2020-09-19,2021-07-22,nation,ca,3,24,1,645,0,6,1.0
202039,2020-09-26,2021-07-22,nation,ca,1,9,2,1121,2,3,0.0
202040,2020-10-03,2021-07-22,nation,ca,1,22,0,811,4,5,0.0
202041,2020-10-10,2021-07-22,nation,ca,3,18,9,729,1,7,1.0
202042,2020-10-17,2021-07-22,nation,ca,3,23,3,647,0,5,0.0
202043,2020-10-24,2021-07-22,nation,ca,4,21,1,720,0,6,1.0
202044,2020-10-31,2021-07-22,nation,ca,2,15,9,610,0,5,7.0
202045,2020-11-07,2021-07-22,nation,ca,1,25,1,731,2,4,4.0
202046,2020-11-14,2021-07-22,nation,ca,3,23,3,678,2,7,4.0
202047,2020-11-21,2021-07-22,nation,ca,5,25,2,669,3,4,9.0
202048,2020-11-28,2021-07-22,nation,ca,2,28,2,662,1,3,10.0
202049,2020-12-05,2021-07-22,nation,ca,0,30,3,370,2,7,8.0
202050,2020-12-12,2021-07-22,nation,ca,3,28,1,353,4,7,2.0
202051,2020-12-19,2021-07-22,nation,ca,2,27,2,244,2,6,2.0
202052,2020-12-26,2021-07-22,nation,ca,1,18,4,238,2,1,0.0
202053,2021-01-02,2021-07-22,nation,ca,4,27,2,173,3,3,2.0
202101,2021-01-09,2021-07-22,nation,ca,3,32,1,195,5,6,0.0
202102,2021-01-16,2021-07-22,nation,ca,2,15,4,130,8,5,5.0
202103,2021-01-23,2021-07-22,nation,ca,2,15,4,120,4,4,0.0
202104,2021-01-30,2021-07-22,nation,ca,2,9,5,142,3,3,0.0
202105,2021-02-06,2021-07-22,nation,ca,3,17,6,155,5,6,2.0
202106,2021-02-13,2021-07-22,nation,ca,0,15,4,162,3,2,3.0
202107,2021-02-20,2021-07-22,nation,ca,4,18,1,110,3,4,2.0
202108,2021-02-27,2021-07-22,nation,ca,2,23,3,139,8,1,0.0
202109,2021-03-06,2021-07-22,nation,ca,2,12,0,139,8,0,0.0
202110,2021-03-13,2021-07-22,nation,ca,6,20,3,124,8,3,2.0
202111,2021-03-20,2021-07-22,nation,ca,0,10,4,124,12,7,0.0
202112,2021-03-27,2021-07-22,nation,ca,5,10,2,132,7,4,0.0
202113,2021-04-03,2021-07-22,nation,ca,0,9,1,137,9,8,0.0
202114,2021-04-10,2021-07-22,nation,ca,3,24,1,187,21,10,2.0
202115,2021-04-17,2021-07-22,nation,ca,4,20,1,141,13,20,0.0
202116,2021-04-24,2021-07-22,nation,ca,14,8,1,153,17,21,0.0
202117,2021-05-01,2021-07-22,nation,ca,2,19,0,131,14,28,1.0
202118,2021-05-08,2021-07-22,nation,ca,5,23,1,161,17,23,0.0
202119,2021-05-15,2021-07-22,nation,ca,1,15,3,158,13,14,2.0
202120,2021-05-22,2021-07-22,nation,ca,5,21,2,120,19,15,1.0
202121,2021-05-29,2021-07-22,nation,ca,6,14,2,72,10,14,0.0
202122,2021-06-05,2021-07-22,nation,ca,3,12,1,93,10,9,0.0
202123,2021-06-12,2021-07-22,nation,ca,25,23,2,117,8,15,1.0
202124,2021-06-19,2021-07-22,nation,ca,37,21,0,105,6,15,2.0
202125,2021-06-26,2021-07-22,nation,ca,42,19,2,123,7,13,0.0
202126,2021-07-03,2021-07-22,nation,ca,59,15,0,135,10,18,0.0
202127,2021-07-10,2021-07-22,nation,ca,34,18,1,177,2,4,0.0
202128,2021-07-17,2021-07-22,nation,ca,73,20,1,228,12,32,0.0
202035,2020-08-29,2021-07-15,nation,ca,3,10,6,322,2,1,1.0
202036,2020-09-05,2021-07-15,nation,ca,7,14,2,279,0,2,0.0
202037,2020-09-12,2021-07-15,nation,ca,5,14,2,312,2,1,0.0
202038,2020-09-19,2021-07-15,nation,ca,3,24,1,645,0,6,1.0
202039,2020-09-26,2021-07-15,nation,ca,1,9,2,1121,2,3,0.0
202040,2020-10-03,2021-07-15,nation,ca,1,22,0,811,4,5,0.0
202041,2020-10-10,2021-07-15,nation,ca,3,18,9,729,1,7,1.0
202042,2020-10-17,2021-07-15,nation,ca,3,23,3,647,0,5,0.0
202043,2020-10-24,2021-07-15,nation,ca,4,21,1,720,0,6,1.0
202044,2020-10-31,2021-07-15,nation,ca,2,15,9,610,0,5,7.0
202045,2020-11-07,2021-07-15,nation,ca,1,25,1,731,2,4,4.0
202046,2020-11-14,2021-07-15,nation,ca,3,23,3,678,2,7,4.0
202047,2020-11-21,2021-07-15,nation,ca,5,25,2,669,3,4,9.0
202048,2020-11-28,2021-07-15,nation,ca,2,28,2,662,1,3,10.0
202049,2020-12-05,2021-07-15,nation,ca,0,30,3,370,2,7,8.0
202050,2020-12-12,2021-07-15,nation,ca,3,28,1,353,4,7,2.0
202051,2020-12-19,2021-07-15,nation,ca,2,27,2,244,2,6,2.0
202052,2020-12-26,2021-07-15,nation,ca,1,18,4,238,2,1,0.0
202053,2021-01-02,2021-07-15,nation,ca,4,27,2,173,3,3,2.0
202101,2021-01-09,2021-07-15,nation,ca,3,32,1,195,5,6,0.0
202102,2021-01-16,2021-07-15,nation,ca,2,15,4,130,8,5,5.0
202103,2021-01-23,2021-07-15,nation,ca,2,15,4,120,4,4,0.0
202104,2021-01-30,2021-07-15,nation,ca,2,9,5,142,3,3,0.0
202105,2021-02-06,2021-07-15,nation,ca,3,17,6,155,5,6,2.0
202106,2021-02-13,2021-07-15,nation,ca,0,15,4,162,3,2,3.0
202107,2021-02-20,2021-07-15,nation,ca,4,18,1,110,3,4,2.0
202108,2021-02-27,2021-07-15,nation,ca,2,23,3,139,8,1,0.0
202109,2021-03-06,2021-07-15,nation,ca,2,12,0,139,8,0,0.0
202110,2021-03-13,2021-07-15,nation,ca,6,20,3,124,8,3,2.0
202111,2021-03-20,2021-07-15,nation,ca,0,10,4,124,12,7,0.0
202112,2021-03-27,2021-07-15,nation,ca,5,10,2,132,7,4,0.0
202113,2021-04-03,2021-07-15,nation,ca,0,9,1,137,9,8,0.0
202114,2021-04-10,2021-07-15,nation,ca,3,24,1,187,21,10,2.0
202115,2021-04-17,2021-07-15,nation,ca,4,20,1,141,13,20,0.0
202116,2021-04-24,2021-07-15,nation,ca,14,8,1,153,17,21,0.0
202117,2021-05-01,2021-07-15,nation,ca,2,19,0,131,14,28,1.0
202118,2021-05-08,2021-07-15,nation,ca,5,23,1,161,17,23,0.0
202119,2021-05-15,2021-07-15,nation,ca,1,15,3,158,13,14,2.0
202120,2021-05-22,2021-07-15,nation,ca,5,21,2,120,19,15,1.0
202121,2021-05-29,2021-07-15,nation,ca,6,14,2,72,10,14,0.0
202122,2021-06-05,2021-07-15,nation,ca,3,12,1,93,10,9,0.0
202123,2021-06-12,2021-07-15,nation,ca,25,23,2,117,8,15,1.0
202124,2021-06-19,2021-07-15,nation,ca,37,21,0,105,6,15,2.0
202125,2021-06-26,2021-07-15,nation,ca,42,19,2,123,7,13,0.0
202126,2021-07-03,2021-07-15,nation,ca,59,15,0,135,10,18,0.0
202127,2021-07-10,2021-07-15,nation,ca,34,18,1,160,2,4,0.0
202035,2020-08-29,2021-07-09,nation,ca,3,10,6,322,2,1,1.0
202036,2020-09-05,2021-07-09,nation,ca,7,14,2,279,0,2,0.0
202037,2020-09-12,2021-07-09,nation,ca,5,14,2,312,2,1,0.0
202038,2020-09-19,2021-07-09,nation,ca,3,24,1,645,0,6,1.0
202039,2020-09-26,2021-07-09,nation,ca,1,9,2,1 121,2,3,0.0
202040,2020-10-03,2021-07-09,nation,ca,1,22,0,811,4,5,0.0
202041,2020-10-10,2021-07-09,nation,ca,3,18,9,729,1,7,1.0
202042,2020-10-17,2021-07-09,nation,ca,3,23,3,647,0,5,0.0
202043,2020-10-24,2021-07-09,nation,ca,4,21,1,720,0,6,1.0
202044,2020-10-31,2021-07-09,nation,ca,2,15,9,610,0,5,7.0
202045,2020-11-07,2021-07-09,nation,ca,1,25,1,731,2,4,4.0
202046,2020-11-14,2021-07-09,nation,ca,3,23,3,678,2,7,4.0
202047,2020-11-21,2021-07-09,nation,ca,5,25,2,669,3,4,9.0
202048,2020-11-28,2021-07-09,nation,ca,2,28,2,662,1,3,10.0
202049,2020-12-05,2021-07-09,nation,ca,0,30,3,370,2,7,8.0
202050,2020-12-12,2021-07-09,nation,ca,3,28,1,353,4,7,2.0
202051,2020-12-19,2021-07-09,nation,ca,2,27,2,244,2,6,2.0
202052,2020-12-26,2021-07-09,nation,ca,1,18,4,238,2,1,0.0
202053,2021-01-02,2021-07-09,nation,ca,4,27,2,173,3,3,2.0
202101,2021-01-09,2021-07-09,nation,ca,3,32,1,195,5,6,0.0
202102,2021-01-16,2021-07-09,nation,ca,2,15,4,130,8,5,5.0
202103,2021-01-23,2021-07-09,nation,ca,2,15,4,120,4,4,0.0
202104,2021-01-30,2021-07-09,nation,ca,2,9,5,142,3,3,0.0
202105,2021-02-06,2021-07-09,nation,ca,3,17,6,155,5,6,2.0
202106,2021-02-13,2021-07-09,nation,ca,0,15,4,162,3,2,3.0
202107,2021-02-20,2021-07-09,nation,ca,4,18,1,110,3,4,2.0
202108,2021-02-27,2021-07-09,nation,ca,2,23,3,139,8,1,0.0
202109,2021-03-06,2021-07-09,nation,ca,2,12,0,139,8,0,0.0
202110,2021-03-13,2021-07-09,nation,ca,6,20,3,124,8,3,2.0
202111,2021-03-20,2021-07-09,nation,ca,0,10,4,124,12,7,0.0
202112,2021-03-27,2021-07-09,nation,ca,5,10,2,132,7,4,0.0
202113,2021-04-03,2021-07-09,nation,ca,0,9,1,137,9,8,0.0
202114,2021-04-10,2021-07-09,nation,ca,3,24,1,187,21,10,2.0
202115,2021-04-17,2021-07-09,nation,ca,4,20,1,141,13,20,0.0
202116,2021-04-24,2021-07-09,nation,ca,14,8,1,153,17,21,0.0
202117,2021-05-01,2021-07-09,nation,ca,2,19,0,131,14,28,1.0
202118,2021-05-08,2021-07-09,nation,ca,5,23,1,161,17,23,0.0
202119,2021-05-15,2021-07-09,nation,ca,1,15,3,158,13,14,2.0
202120,2021-05-22,2021-07-09,nation,ca,5,21,2,120,19,15,1.0
202121,2021-05-29,2021-07-09,nation,ca,6,14,2,72,10,14,0.0
202122,2021-06-05,2021-07-09,nation,ca,3,12,1,93,10,9,0.0
202123,2021-06-12,2021-07-09,nation,ca,25,23,2,117,8,15,1.0
202124,2021-06-19,2021-07-09,nation,ca,37,21,0,105,6,15,2.0
202125,2021-06-26,2021-07-09,nation,ca,42,19,2,123,7,13,0.0
202126,2021-07-03,2021-07-09,nation,ca,59,14,0,124,10,18,0.0
202035,2020-08-29,2021-07-02,nation,ca,3,10,6,322,2,1,
202036,2020-09-05,2021-07-02,nation,ca,7,14,2,279,0,2,
202037,2020-09-12,2021-07-02,nation,ca,5,14,2,312,2,1,
202038,2020-09-19,2021-07-02,nation,ca,3,24,1,645,0,6,
202039,2020-09-26,2021-07-02,nation,ca,1,9,2,1121,2,3,
202040,2020-10-03,2021-07-02,nation,ca,1,22,0,811,4,5,
202041,2020-10-10,2021-07-02,nation,ca,3,18,9,729,1,7,
202042,2020-10-17,2021-07-02,nation,ca,3,23,3,647,0,5,
202043,2020-10-24,2021-07-02,nation,ca,4,21,1,720,0,6,
202044,2020-10-31,2021-07-02,nation,ca,2,15,9,610,0,5,
202045,2020-11-07,2021-07-02,nation,ca,1,25,1,731,2,4,
202046,2020-11-14,2021-07-02,nation,ca,3,23,3,678,2,7,
202047,2020-11-21,2021-07-02,nation,ca,5,25,2,669,3,4,
202048,2020-11-28,2021-07-02,nation,ca,2,28,2,662,1,3,
202049,2020-12-05,2021-07-02,nation,ca,0,30,3,370,2,7,
202050,2020-12-12,2021-07-02,nation,ca,3,28,1,353,4,7,
202051,2020-12-19,2021-07-02,nation,ca,2,27,2,244,2,6,
202052,2020-12-26,2021-07-02,nation,ca,1,18,4,238,2,1,
202053,2021-01-02,2021-07-02,nation,ca,4,27,2,173,3,3,
202101,2021-01-09,2021-07-02,nation,ca,3,32,1,195,5,6,
202102,2021-01-16,2021-07-02,nation,ca,2,15,4,130,8,5,
202103,2021-01-23,2021-07-02,nation,ca,2,15,4,120,4,4,
202104,2021-01-30,2021-07-02,nation,ca,2,9,5,142,3,3,
202105,2021-02-06,2021-07-02,nation,ca,3,17,6,155,5,6,
202106,2021-02-13,2021-07-02,nation,ca,0,15,4,162,3,2,
202107,2021-02-20,2021-07-02,nation,ca,4,18,1,110,3,4,
202108,2021-02-27,2021-07-02,nation,ca,2,23,3,139,8,1,
202109,2021-03-06,2021-07-02,nation,ca,2,12,0,139,8,0,
202110,2021-03-13,2021-07-02,nation,ca,6,20,3,124,8,3,
202111,2021-03-20,2021-07-02,nation,ca,0,10,4,124,12,7,
202112,2021-03-27,2021-07-02,nation,ca,5,10,2,132,7,4,
202113,2021-04-03,2021-07-02,nation,ca,0,9,1,137,9,8,
202114,2021-04-10,2021-07-02,nation,ca,3,24,1,187,21,10,
202115,2021-04-17,2021-07-02,nation,ca,4,20,1,141,13,20,
202116,2021-04-24,2021-07-02,nation,ca,14,8,1,153,17,21,
202117,2021-05-01,2021-07-02,nation,ca,2,19,0,131,14,28,
202118,2021-05-08,2021-07-02,nation,ca,5,23,1,161,17,23,
202119,2021-05-15,2021-07-02,nation,ca,1,15,3,158,13,14,
202120,2021-05-22,2021-07-02,nation,ca,5,21,2,120,19,15,
202121,2021-05-29,2021-07-02,nation,ca,6,14,2,72,10,14,
202122,2021-06-05,2021-07-02,nation,ca,3,12,1,93,10,9,
202123,2021-06-12,2021-07-02,nation,ca,25,23,2,117,8,15,
202124,2021-06-19,2021-07-02,nation,ca,37,21,0,114,6,15,
202125,2021-06-26,2021-07-02,nation,ca,42,16,2,127,6,13,
202035,2020-08-29,2021-06-24,nation,ca,3,10,6,322,2,1,
202036,2020-09-05,2021-06-24,nation,ca,7,14,2,279,0,2,
202037,2020-09-12,2021-06-24,nation,ca,5,14,2,312,2,1,
202038,2020-09-19,2021-06-24,nation,ca,3,24,1,645,0,6,
202039,2020-09-26,2021-06-24,nation,ca,1,9,2,1121,2,3,
202040,2020-10-03,2021-06-24,nation,ca,1,22,0,811,4,5,
202041,2020-10-10,2021-06-24,nation,ca,3,18,9,729,1,7,
202042,2020-10-17,2021-06-24,nation,ca,3,23,3,647,0,5,
202043,2020-10-24,2021-06-24,nation,ca,4,21,1,720,0,6,
202044,2020-10-31,2021-06-24,nation,ca,2,15,9,610,0,5,
202045,2020-11-07,2021-06-24,nation,ca,1,25,1,731,2,4,
202046,2020-11-14,2021-06-24,nation,ca,3,23,3,678,2,7,
202047,2020-11-21,2021-06-24,nation,ca,5,25,2,669,3,4,
202048,2020-11-28,2021-06-24,nation,ca,2,28,2,662,1,3,
202049,2020-12-05,2021-06-24,nation,ca,0,30,3,370,2,7,
202050,2020-12-12,2021-06-24,nation,ca,3,28,1,353,4,7,
202051,2020-12-19,2021-06-24,nation,ca,2,27,2,244,2,6,
202052,2020-12-26,2021-06-24,nation,ca,1,18,4,238,2,1,
202053,2021-01-02,2021-06-24,nation,ca,4,27,2,173,3,3,
202101,2021-01-09,2021-06-24,nation,ca,3,32,1,195,5,6,
202102,2021-01-16,2021-06-24,nation,ca,2,15,4,130,8,5,
202103,2021-01-23,2021-06-24,nation,ca,2,15,4,120,4,4,
202104,2021-01-30,2021-06-24,nation,ca,2,9,5,142,3,3,
202105,2021-02-06,2021-06-24,nation,ca,3,17,6,155,5,6,
202106,2021-02-13,2021-06-24,nation,ca,0,15,4,162,3,2,
202107,2021-02-20,2021-06-24,nation,ca,4,18,1,110,3,4,
202108,2021-02-27,2021-06-24,nation,ca,2,23,3,139,8,1,
202109,2021-03-06,2021-06-24,nation,ca,2,12,0,139,8,0,
202110,2021-03-13,2021-06-24,nation,ca,6,20,3,124,8,3,
202111,2021-03-20,2021-06-24,nation,ca,0,10,4,124,12,7,
202112,2021-03-27,2021-06-24,nation,ca,5,10,2,132,7,4,
202113,2021-04-03,2021-06-24,nation,ca,0,9,1,137,9,8,
202114,2021-04-10,2021-06-24,nation,ca,3,24,1,187,21,10,
202115,2021-04-17,2021-06-24,nation,ca,4,20,1,141,13,20,
202116,2021-04-24,2021-06-24,nation,ca,14,8,1,153,17,21,
202117,2021-05-01,2021-06-24,nation,ca,2,19,0,131,14,28,
202118,2021-05-08,2021-06-24,nation,ca,5,23,1,161,17,23,
202119,2021-05-15,2021-06-24,nation,ca,1,15,3,158,13,14,
202120,2021-05-22,2021-06-24,nation,ca,5,21,2,120,19,15,
202121,2021-05-29,2021-06-24,nation,ca,6,14,2,72,10,14,
202122,2021-06-05,2021-06-24,nation,ca,3,12,1,93,10,9,
202123,2021-06-12,2021-06-24,nation,ca,25,22,2,112,8,15,
202124,2021-06-19,2021-06-24,nation,ca,37,21,0,71,6,15,
202035,2020-08-29,2021-06-17,nation,ca,3,10,6,322,2,1,
202036,2020-09-05,2021-06-17,nation,ca,7,14,2,279,0,2,
202037,2020-09-12,2021-06-17,nation,ca,5,14,2,312,2,1,
202038,2020-09-19,2021-06-17,nation,ca,3,24,1,645,0,6,
202039,2020-09-26,2021-06-17,nation,ca,1,9,2,1121,2,3,
202040,2020-10-03,2021-06-17,nation,ca,1,22,0,811,4,5,
202041,2020-10-10,2021-06-17,nation,ca,3,18,9,729,1,7,
202042,2020-10-17,2021-06-17,nation,ca,3,23,3,647,0,5,
202043,2020-10-24,2021-06-17,nation,ca,4,21,1,720,0,6,
202044,2020-10-31,2021-06-17,nation,ca,2,15,9,610,0,5,
202045,2020-11-07,2021-06-17,nation,ca,1,25,1,731,2,4,
202046,2020-11-14,2021-06-17,nation,ca,3,23,3,678,2,7,
202047,2020-11-21,2021-06-17,nation,ca,5,25,2,669,3,4,
202048,2020-11-28,2021-06-17,nation,ca,2,28,2,662,1,3,
202049,2020-12-05,2021-06-17,nation,ca,0,30,3,370,2,7,
202050,2020-12-12,2021-06-17,nation,ca,3,28,1,353,4,7,
202051,2020-12-19,2021-06-17,nation,ca,2,27,2,244,2,6,
202052,2020-12-26,2021-06-17,nation,ca,1,18,4,238,2,1,
202053,2021-01-02,2021-06-17,nation,ca,4,27,2,173,3,3,
202101,2021-01-09,2021-06-17,nation,ca,3,32,1,195,5,6,
202102,2021-01-16,2021-06-17,nation,ca,2,15,4,130,8,5,
202103,2021-01-23,2021-06-17,nation,ca,2,15,4,120,4,4,
202104,2021-01-30,2021-06-17,nation,ca,2,9,5,142,3,3,
202105,2021-02-06,2021-06-17,nation,ca,3,17,6,155,5,6,
202106,2021-02-13,2021-06-17,nation,ca,0,15,4,162,3,2,
202107,2021-02-20,2021-06-17,nation,ca,4,18,1,110,3,4,
202108,2021-02-27,2021-06-17,nation,ca,2,23,3,139,8,1,
202109,2021-03-06,2021-06-17,nation,ca,2,12,0,139,8,0,
202110,2021-03-13,2021-06-17,nation,ca,6,20,3,124,8,3,
202111,2021-03-20,2021-06-17,nation,ca,0,10,4,124,12,7,
202112,2021-03-27,2021-06-17,nation,ca,5,10,2,132,7,4,
202113,2021-04-03,2021-06-17,nation,ca,0,9,1,137,9,8,
202114,2021-04-10,2021-06-17,nation,ca,3,24,1,187,21,10,
202115,2021-04-17,2021-06-17,nation,ca,4,20,1,141,13,20,
202116,2021-04-24,2021-06-17,nation,ca,14,8,1,153,17,21,
202117,2021-05-01,2021-06-17,nation,ca,2,19,0,131,14,28,
202118,2021-05-08,2021-06-17,nation,ca,5,23,1,161,17,23,
202119,2021-05-15,2021-06-17,nation,ca,1,15,3,158,13,14,
202120,2021-05-22,2021-06-17,nation,ca,5,21,2,120,19,15,
202121,2021-05-29,2021-06-17,nation,ca,6,14,2,72,10,14,
202122,2021-06-05,2021-06-17,nation,ca,3,12,1,93,10,9,
202123,2021-06-12,2021-06-17,nation,ca,25,22,2,112,8,15,
202035,2020-08-29,2021-06-10,nation,ca,3,10,6,322,2,1,
202036,2020-09-05,2021-06-10,nation,ca,7,14,2,279,0,2,
202037,2020-09-12,2021-06-10,nation,ca,5,14,2,312,2,1,
202038,2020-09-19,2021-06-10,nation,ca,3,24,1,645,0,6,
202039,2020-09-26,2021-06-10,nation,ca,1,9,2,1121,2,3,
202040,2020-10-03,2021-06-10,nation,ca,1,22,0,811,4,5,
202041,2020-10-10,2021-06-10,nation,ca,3,18,9,729,1,7,
202042,2020-10-17,2021-06-10,nation,ca,3,23,3,647,0,5,
202043,2020-10-24,2021-06-10,nation,ca,4,21,1,720,0,6,
202044,2020-10-31,2021-06-10,nation,ca,2,15,9,610,0,5,
202045,2020-11-07,2021-06-10,nation,ca,1,25,1,731,2,4,
202046,2020-11-14,2021-06-10,nation,ca,3,23,3,678,2,7,
202047,2020-11-21,2021-06-10,nation,ca,5,25,2,669,3,4,
202048,2020-11-28,2021-06-10,nation,ca,2,28,2,662,1,3,
202049,2020-12-05,2021-06-10,nation,ca,0,30,3,370,2,7,
202050,2020-12-12,2021-06-10,nation,ca,3,28,1,353,4,7,
202051,2020-12-19,2021-06-10,nation,ca,2,27,2,244,2,6,
202052,2020-12-26,2021-06-10,nation,ca,1,18,4,238,2,1,
202053,2021-01-02,2021-06-10,nation,ca,4,27,2,173,3,3,
202101,2021-01-09,2021-06-10,nation,ca,3,32,1,195,5,6,
202102,2021-01-16,2021-06-10,nation,ca,2,15,4,130,8,5,
202103,2021-01-23,2021-06-10,nation,ca,2,15,4,120,4,4,
202104,2021-01-30,2021-06-10,nation,ca,2,9,5,142,3,3,
202105,2021-02-06,2021-06-10,nation,ca,3,17,6,155,5,6,
202106,2021-02-13,2021-06-10,nation,ca,0,15,4,162,3,2,
202107,2021-02-20,2021-06-10,nation,ca,4,18,1,110,3,4,
202108,2021-02-27,2021-06-10,nation,ca,2,23,3,139,8,1,
202109,2021-03-06,2021-06-10,nation,ca,2,12,0,139,8,0,
202110,2021-03-13,2021-06-10,nation,ca,6,20,3,124,8,3,
202111,2021-03-20,2021-06-10,nation,ca,0,10,4,124,12,7,
202112,2021-03-27,2021-06-10,nation,ca,5,10,2,132,7,4,
202113,2021-04-03,2021-06-10,nation,ca,0,9,1,137,9,8,
202114,2021-04-10,2021-06-10,nation,ca,3,24,1,187,21,10,
202115,2021-04-17,2021-06-10,nation,ca,4,20,1,141,13,20,
202116,2021-04-24,2021-06-10,nation,ca,14,8,1,151,17,21,
202117,2021-05-01,2021-06-10,nation,ca,2,19,0,128,14,28,
202118,2021-05-08,2021-06-10,nation,ca,5,23,1,161,17,23,
202119,2021-05-15,2021-06-10,nation,ca,1,15,3,158,13,14,
202120,2021-05-22,2021-06-10,nation,ca,5,21,2,120,19,15,
202121,2021-05-29,2021-06-10,nation,ca,6,14,2,72,10,14,
202122,2021-06-05,2021-06-10,nation,ca,3,12,1,89,10,9,
202035,2020-08-29,2021-06-03,nation,ca,3,10,6,322,2,1,
202036,2020-09-05,2021-06-03,nation,ca,7,14,2,279,0,2,
202037,2020-09-12,2021-06-03,nation,ca,5,14,2,312,2,1,
202038,2020-09-19,2021-06-03,nation,ca,3,24,1,645,0,6,
202039,2020-09-26,2021-06-03,nation,ca,1,9,2,1121,2,3,
202040,2020-10-03,2021-06-03,nation,ca,1,22,0,811,4,5,
202041,2020-10-10,2021-06-03,nation,ca,3,18,9,729,1,7,
202042,2020-10-17,2021-06-03,nation,ca,3,23,3,647,0,5,
202043,2020-10-24,2021-06-03,nation,ca,4,21,1,720,0,6,
202044,2020-10-31,2021-06-03,nation,ca,2,15,9,610,0,5,
202045,2020-11-07,2021-06-03,nation,ca,1,25,1,731,2,4,
202046,2020-11-14,2021-06-03,nation,ca,3,23,3,678,2,7,
202047,2020-11-21,2021-06-03,nation,ca,5,25,2,669,3,4,
202048,2020-11-28,2021-06-03,nation,ca,2,28,2,662,1,3,
202049,2020-12-05,2021-06-03,nation,ca,0,30,3,370,2,7,
202050,2020-12-12,2021-06-03,nation,ca,3,28,1,353,4,7,
202051,2020-12-19,2021-06-03,nation,ca,2,27,2,244,2,6,
202052,2020-12-26,2021-06-03,nation,ca,1,18,4,238,2,1,
202053,2021-01-02,2021-06-03,nation,ca,4,27,2,173,3,3,
202101,2021-01-09,2021-06-03,nation,ca,3,32,1,195,5,6,
202102,2021-01-16,2021-06-03,nation,ca,2,15,4,130,8,5,
202103,2021-01-23,2021-06-03,nation,ca,2,15,4,120,4,4,
202104,2021-01-30,2021-06-03,nation,ca,2,9,5,142,3,3,
202105,2021-02-06,2021-06-03,nation,ca,3,17,6,155,5,6,
202106,2021-02-13,2021-06-03,nation,ca,0,15,4,162,3,2,
202107,2021-02-20,2021-06-03,nation,ca,4,18,1,110,3,4,
202108,2021-02-27,2021-06-03,nation,ca,2,23,3,139,8,1,
202109,2021-03-06,2021-06-03,nation,ca,2,12,0,139,8,0,
202110,2021-03-13,2021-06-03,nation,ca,6,20,3,124,8,3,
202111,2021-03-20,2021-06-03,nation,ca,0,10,4,124,12,7,
202112,2021-03-27,2021-06-03,nation,ca,5,10,2,132,7,4,
202113,2021-04-03,2021-06-03,nation,ca,0,9,1,137,9,8,
202114,2021-04-10,2021-06-03,nation,ca,3,24,1,187,21,10,
202115,2021-04-17,2021-06-03,nation,ca,4,20,1,141,13,20,
202116,2021-04-24,2021-06-03,nation,ca,14,8,1,151,17,21,
202117,2021-05-01,2021-06-03,nation,ca,2,19,0,128,14,28,
202118,2021-05-08,2021-06-03,nation,ca,5,23,1,161,17,23,
202119,2021-05-15,2021-06-03,nation,ca,1,15,3,158,13,14,
202120,2021-05-22,2021-06-03,nation,ca,5,21,2,120,19,15,
202121,2021-05-29,2021-06-03,nation,ca,5,12,2,72,10,14,
202035,2020-08-29,2021-05-27,nation,ca,3,10,6,322,2,1,
202036,2020-09-05,2021-05-27,nation,ca,7,14,2,279,0,2,
202037,2020-09-12,2021-05-27,nation,ca,5,14,2,312,2,1,
202038,2020-09-19,2021-05-27,nation,ca,3,24,1,645,0,6,
202039,2020-09-26,2021-05-27,nation,ca,1,9,2,1121,2,3,
202040,2020-10-03,2021-05-27,nation,ca,1,22,0,811,4,5,
202041,2020-10-10,2021-05-27,nation,ca,3,18,9,729,1,7,
202042,2020-10-17,2021-05-27,nation,ca,3,23,3,647,0,5,
202043,2020-10-24,2021-05-27,nation,ca,4,21,1,720,0,6,
202044,2020-10-31,2021-05-27,nation,ca,2,15,9,610,0,5,
202045,2020-11-07,2021-05-27,nation,ca,1,25,1,731,2,4,
202046,2020-11-14,2021-05-27,nation,ca,3,23,3,678,2,7,
202047,2020-11-21,2021-05-27,nation,ca,5,25,2,669,3,4,
202048,2020-11-28,2021-05-27,nation,ca,2,28,2,662,1,3,
202049,2020-12-05,2021-05-27,nation,ca,0,30,3,370,2,7,
202050,2020-12-12,2021-05-27,nation,ca,3,28,1,353,4,7,
202051,2020-12-19,2021-05-27,nation,ca,2,27,2,244,2,6,
202052,2020-12-26,2021-05-27,nation,ca,1,18,4,238,2,1,
202053,2021-01-02,2021-05-27,nation,ca,4,27,2,173,3,3,
202101,2021-01-09,2021-05-27,nation,ca,3,32,1,195,5,6,
202102,2021-01-16,2021-05-27,nation,ca,2,15,4,130,8,5,
202103,2021-01-23,2021-05-27,nation,ca,2,15,4,120,4,4,
202104,2021-01-30,2021-05-27,nation,ca,2,9,5,142,3,3,
202105,2021-02-06,2021-05-27,nation,ca,3,17,6,155,5,6,
202106,2021-02-13,2021-05-27,nation,ca,0,15,4,162,3,2,
202107,2021-02-20,2021-05-27,nation,ca,4,18,1,110,3,4,
202108,2021-02-27,2021-05-27,nation,ca,2,23,3,139,8,1,
202109,2021-03-06,2021-05-27,nation,ca,2,12,0,139,8,0,
202110,2021-03-13,2021-05-27,nation,ca,6,20,3,124,8,3,
202111,2021-03-20,2021-05-27,nation,ca,0,10,4,124,12,7,
202112,2021-03-27,2021-05-27,nation,ca,5,10,2,132,7,4,
202113,2021-04-03,2021-05-27,nation,ca,0,9,1,137,9,8,
202114,2021-04-10,2021-05-27,nation,ca,3,24,1,187,21,10,
202115,2021-04-17,2021-05-27,nation,ca,4,20,1,141,13,20,
202116,2021-04-24,2021-05-27,nation,ca,14,8,1,151,17,21,
202117,2021-05-01,2021-05-27,nation,ca,2,19,0,128,14,28,
202118,2021-05-08,2021-05-27,nation,ca,5,23,1,161,17,23,
202119,2021-05-15,2021-05-27,nation,ca,1,15,3,158,13,14,
202120,2021-05-22,2021-05-27,nation,ca,5,21,1,115,19,15,
202035,2020-08-29,2021-05-20,nation,ca,3,10,6,322,2,1,
202036,2020-09-05,2021-05-20,nation,ca,7,14,2,279,0,2,
202037,2020-09-12,2021-05-20,nation,ca,5,14,2,312,2,1,
202038,2020-09-19,2021-05-20,nation,ca,3,24,1,645,0,6,
202039,2020-09-26,2021-05-20,nation,ca,1,9,2,1121,2,3,
202040,2020-10-03,2021-05-20,nation,ca,1,22,0,811,4,5,
202041,2020-10-10,2021-05-20,nation,ca,3,18,9,729,1,7,
202042,2020-10-17,2021-05-20,nation,ca,3,23,3,647,0,5,
202043,2020-10-24,2021-05-20,nation,ca,4,21,1,720,0,6,
202044,2020-10-31,2021-05-20,nation,ca,2,15,9,610,0,5,
202045,2020-11-07,2021-05-20,nation,ca,1,25,1,731,2,4,
202046,2020-11-14,2021-05-20,nation,ca,3,23,3,678,2,7,
202047,2020-11-21,2021-05-20,nation,ca,5,25,2,669,3,4,
202048,2020-11-28,2021-05-20,nation,ca,2,28,2,662,1,3,
202049,2020-12-05,2021-05-20,nation,ca,0,30,3,370,2,7,
202050,2020-12-12,2021-05-20,nation,ca,3,28,1,353,4,7,
202051,2020-12-19,2021-05-20,nation,ca,2,27,2,244,2,6,
202052,2020-12-26,2021-05-20,nation,ca,1,18,4,238,2,1,
202053,2021-01-02,2021-05-20,nation,ca,4,27,2,173,3,3,
202101,2021-01-09,2021-05-20,nation,ca,3,32,1,195,5,6,
202102,2021-01-16,2021-05-20,nation,ca,2,15,4,130,8,5,
202103,2021-01-23,2021-05-20,nation,ca,2,15,4,120,4,4,
202104,2021-01-30,2021-05-20,nation,ca,2,9,5,142,3,3,
202105,2021-02-06,2021-05-20,nation,ca,3,17,6,155,5,6,
202106,2021-02-13,2021-05-20,nation,ca,0,15,4,162,3,2,
202107,2021-02-20,2021-05-20,nation,ca,4,18,1,110,3,4,
202108,2021-02-27,2021-05-20,nation,ca,2,23,3,139,8,1,
202109,2021-03-06,2021-05-20,nation,ca,2,12,0,139,8,0,
202110,2021-03-13,2021-05-20,nation,ca,6,20,3,124,8,3,
202111,2021-03-20,2021-05-20,nation,ca,0,10,4,124,12,7,
202112,2021-03-27,2021-05-20,nation,ca,5,10,2,132,7,4,
202113,2021-04-03,2021-05-20,nation,ca,0,9,1,137,9,8,
202114,2021-04-10,2021-05-20,nation,ca,3,24,1,187,21,10,
202115,2021-04-17,2021-05-20,nation,ca,4,20,1,141,13,20,
202116,2021-04-24,2021-05-20,nation,ca,14,8,1,151,17,21,
202117,2021-05-01,2021-05-20,nation,ca,2,19,0,128,14,28,
202118,2021-05-08,2021-05-20,nation,ca,5,20,1,159,17,23,
202119,2021-05-15,2021-05-20,nation,ca,1,13,3,141,13,14,
202035,2020-08-29,2021-05-13,nation,ca,3,10,6,322,2,1,
202036,2020-09-05,2021-05-13,nation,ca,7,14,2,279,0,2,
202037,2020-09-12,2021-05-13,nation,ca,5,14,2,312,2,1,
202038,2020-09-19,2021-05-13,nation,ca,3,24,1,645,0,6,
202039,2020-09-26,2021-05-13,nation,ca,1,9,2,1121,2,3,
202040,2020-10-03,2021-05-13,nation,ca,1,22,0,811,4,5,
202041,2020-10-10,2021-05-13,nation,ca,3,18,9,729,1,7,
202042,2020-10-17,2021-05-13,nation,ca,3,23,3,647,0,5,
202043,2020-10-24,2021-05-13,nation,ca,4,21,1,720,0,6,
202044,2020-10-31,2021-05-13,nation,ca,2,15,9,610,0,5,
202045,2020-11-07,2021-05-13,nation,ca,1,25,1,731,2,4,
202046,2020-11-14,2021-05-13,nation,ca,3,23,3,678,2,7,
202047,2020-11-21,2021-05-13,nation,ca,5,25,2,669,3,4,
202048,2020-11-28,2021-05-13,nation,ca,2,28,2,662,1,3,
202049,2020-12-05,2021-05-13,nation,ca,0,30,3,370,2,7,
202050,2020-12-12,2021-05-13,nation,ca,3,28,1,353,4,7,
202051,2020-12-19,2021-05-13,nation,ca,2,27,2,244,2,6,
202052,2020-12-26,2021-05-13,nation,ca,1,18,4,238,2,1,
202053,2021-01-02,2021-05-13,nation,ca,4,27,2,173,3,3,
202101,2021-01-09,2021-05-13,nation,ca,3,32,1,195,5,6,
202102,2021-01-16,2021-05-13,nation,ca,2,15,4,130,8,5,
202103,2021-01-23,2021-05-13,nation,ca,2,15,4,120,4,4,
202104,2021-01-30,2021-05-13,nation,ca,2,9,5,142,3,3,
202105,2021-02-06,2021-05-13,nation,ca,3,17,6,155,5,6,
202106,2021-02-13,2021-05-13,nation,ca,0,15,4,162,3,2,
202107,2021-02-20,2021-05-13,nation,ca,4,18,1,110,3,4,
202108,2021-02-27,2021-05-13,nation,ca,2,23,3,139,8,1,
202109,2021-03-06,2021-05-13,nation,ca,2,12,0,139,8,0,
202110,2021-03-13,2021-05-13,nation,ca,6,20,3,124,8,3,
202111,2021-03-20,2021-05-13,nation,ca,0,10,4,124,12,7,
202112,2021-03-27,2021-05-13,nation,ca,5,10,2,132,7,4,
202113,2021-04-03,2021-05-13,nation,ca,0,9,1,137,9,8,
202114,2021-04-10,2021-05-13,nation,ca,3,24,1,187,21,10,
202115,2021-04-17,2021-05-13,nation,ca,4,20,1,141,13,20,
202116,2021-04-24,2021-05-13,nation,ca,14,8,1,151,17,21,
202117,2021-05-01,2021-05-13,nation,ca,2,20,0,128,14,28,
202118,2021-05-08,2021-05-13,nation,ca,4,20,1,148,17,23,
202035,2020-08-29,2021-05-06,nation,ca,3,10,6,322,2,1,
202036,2020-09-05,2021-05-06,nation,ca,7,14,2,279,0,2,
202037,2020-09-12,2021-05-06,nation,ca,5,14,2,312,2,1,
202038,2020-09-19,2021-05-06,nation,ca,3,24,1,645,0,6,
202039,2020-09-26,2021-05-06,nation,ca,1,9,2,1121,2,3,
202040,2020-10-03,2021-05-06,nation,ca,1,22,0,811,4,5,
202041,2020-10-10,2021-05-06,nation,ca,3,18,9,729,1,7,
202042,2020-10-17,2021-05-06,nation,ca,3,23,3,647,0,5,
202043,2020-10-24,2021-05-06,nation,ca,4,21,1,720,0,6,
202044,2020-10-31,2021-05-06,nation,ca,2,15,9,610,0,5,
202045,2020-11-07,2021-05-06,nation,ca,1,25,1,731,2,4,
202046,2020-11-14,2021-05-06,nation,ca,3,23,3,678,2,7,
202047,2020-11-21,2021-05-06,nation,ca,5,25,2,669,3,4,
202048,2020-11-28,2021-05-06,nation,ca,2,28,2,662,1,3,
202049,2020-12-05,2021-05-06,nation,ca,0,30,3,370,2,7,
202050,2020-12-12,2021-05-06,nation,ca,3,28,1,353,4,7,
202051,2020-12-19,2021-05-06,nation,ca,2,27,2,244,2,6,
202052,2020-12-26,2021-05-06,nation,ca,1,18,4,238,2,1,
202053,2021-01-02,2021-05-06,nation,ca,4,27,2,173,3,3,
202101,2021-01-09,2021-05-06,nation,ca,3,32,1,195,5,6,
202102,2021-01-16,2021-05-06,nation,ca,2,15,4,130,8,5,
202103,2021-01-23,2021-05-06,nation,ca,2,15,4,120,4,4,
202104,2021-01-30,2021-05-06,nation,ca,2,9,5,142,3,3,
202105,2021-02-06,2021-05-06,nation,ca,3,17,6,155,5,6,
202106,2021-02-13,2021-05-06,nation,ca,0,15,4,162,3,2,
202107,2021-02-20,2021-05-06,nation,ca,4,18,1,110,3,4,
202108,2021-02-27,2021-05-06,nation,ca,2,23,3,139,8,1,
202109,2021-03-06,2021-05-06,nation,ca,2,12,0,139,8,0,
202110,2021-03-13,2021-05-06,nation,ca,6,20,3,124,8,3,
202111,2021-03-20,2021-05-06,nation,ca,0,10,4,124,12,7,
202112,2021-03-27,2021-05-06,nation,ca,5,10,2,132,7,4,
202113,2021-04-03,2021-05-06,nation,ca,0,9,1,137,9,8,
202114,2021-04-10,2021-05-06,nation,ca,3,24,1,187,21,10,
202115,2021-04-17,2021-05-06,nation,ca,4,20,1,141,13,20,
202116,2021-04-24,2021-05-06,nation,ca,14,7,1,151,17,21,
202117,2021-05-01,2021-05-06,nation,ca,1,17,0,120,14,28,
202035,2020-08-29,2021-04-29,nation,ca,3,10,6,322,2,1,
202036,2020-09-05,2021-04-29,nation,ca,7,14,2,279,0,2,
202037,2020-09-12,2021-04-29,nation,ca,5,14,2,312,2,1,
202038,2020-09-19,2021-04-29,nation,ca,3,24,1,645,0,6,
202039,2020-09-26,2021-04-29,nation,ca,1,9,2,1121,2,3,
202040,2020-10-03,2021-04-29,nation,ca,1,22,0,811,4,5,
202041,2020-10-10,2021-04-29,nation,ca,3,18,9,729,1,7,
202042,2020-10-17,2021-04-29,nation,ca,3,23,3,647,0,5,
202043,2020-10-24,2021-04-29,nation,ca,4,21,1,720,0,6,
202044,2020-10-31,2021-04-29,nation,ca,2,15,9,610,0,5,
202045,2020-11-07,2021-04-29,nation,ca,1,25,1,731,2,4,
202046,2020-11-14,2021-04-29,nation,ca,3,23,3,678,2,7,
202047,2020-11-21,2021-04-29,nation,ca,5,25,2,669,3,4,
202048,2020-11-28,2021-04-29,nation,ca,2,28,2,662,1,3,
202049,2020-12-05,2021-04-29,nation,ca,0,30,3,370,2,7,
202050,2020-12-12,2021-04-29,nation,ca,3,28,1,353,4,7,
202051,2020-12-19,2021-04-29,nation,ca,2,27,2,244,2,6,
202052,2020-12-26,2021-04-29,nation,ca,1,18,4,238,2,1,
202053,2021-01-02,2021-04-29,nation,ca,4,27,2,173,3,3,
202101,2021-01-09,2021-04-29,nation,ca,3,32,1,195,5,6,
202102,2021-01-16,2021-04-29,nation,ca,2,15,4,130,8,5,
202103,2021-01-23,2021-04-29,nation,ca,2,15,4,120,4,4,
202104,2021-01-30,2021-04-29,nation,ca,2,9,5,142,3,3,
202105,2021-02-06,2021-04-29,nation,ca,3,17,6,155,5,6,
202106,2021-02-13,2021-04-29,nation,ca,0,15,4,162,3,2,
202107,2021-02-20,2021-04-29,nation,ca,4,18,1,110,3,4,
202108,2021-02-27,2021-04-29,nation,ca,2,23,3,139,8,1,
202109,2021-03-06,2021-04-29,nation,ca,2,12,0,139,8,0,
202110,2021-03-13,2021-04-29,nation,ca,6,20,3,124,8,3,
202111,2021-03-20,2021-04-29,nation,ca,0,10,4,124,12,7,
202112,2021-03-27,2021-04-29,nation,ca,5,10,2,132,7,4,
202113,2021-04-03,2021-04-29,nation,ca,0,9,1,137,9,8,
202114,2021-04-10,2021-04-29,nation,ca,3,24,1,187,21,10,
202115,2021-04-17,2021-04-29,nation,ca,4,20,1,141,13,20,
202116,2021-04-24,2021-04-29,nation,ca,4,7,1,147,16,21,
202035,2020-08-29,2021-04-22,nation,ca,3,10,6,322,2,1,
202036,2020-09-05,2021-04-22,nation,ca,7,14,2,279,0,2,
202037,2020-09-12,2021-04-22,nation,ca,5,14,2,312,2,1,
202038,2020-09-19,2021-04-22,nation,ca,3,24,1,645,0,6,
202039,2020-09-26,2021-04-22,nation,ca,1,9,2,1121,2,3,
202040,2020-10-03,2021-04-22,nation,ca,1,22,0,811,4,5,
202041,2020-10-10,2021-04-22,nation,ca,3,18,9,729,1,7,
202042,2020-10-17,2021-04-22,nation,ca,3,23,3,647,0,5,
202043,2020-10-24,2021-04-22,nation,ca,4,21,1,720,0,6,
202044,2020-10-31,2021-04-22,nation,ca,2,15,9,610,0,5,
202045,2020-11-07,2021-04-22,nation,ca,1,25,1,731,2,4,
202046,2020-11-14,2021-04-22,nation,ca,3,23,3,678,2,7,
202047,2020-11-21,2021-04-22,nation,ca,5,25,2,669,3,4,
202048,2020-11-28,2021-04-22,nation,ca,2,28,2,662,1,3,
202049,2020-12-05,2021-04-22,nation,ca,0,30,3,370,2,7,
202050,2020-12-12,2021-04-22,nation,ca,3,28,1,353,4,7,
202051,2020-12-19,2021-04-22,nation,ca,2,27,2,244,2,6,
202052,2020-12-26,2021-04-22,nation,ca,1,18,4,238,2,1,
202053,2021-01-02,2021-04-22,nation,ca,4,27,2,173,3,3,
202101,2021-01-09,2021-04-22,nation,ca,3,32,1,195,5,6,
202102,2021-01-16,2021-04-22,nation,ca,2,15,4,130,8,5,
202103,2021-01-23,2021-04-22,nation,ca,2,15,4,120,4,4,
202104,2021-01-30,2021-04-22,nation,ca,2,9,5,142,3,3,
202105,2021-02-06,2021-04-22,nation,ca,3,17,6,155,5,6,
202106,2021-02-13,2021-04-22,nation,ca,0,15,4,162,3,2,
202107,2021-02-20,2021-04-22,nation,ca,4,18,1,110,3,4,
202108,2021-02-27,2021-04-22,nation,ca,2,23,3,139,8,1,
202109,2021-03-06,2021-04-22,nation,ca,2,12,0,139,8,0,
202110,2021-03-13,2021-04-22,nation,ca,6,20,3,124,8,3,
202111,2021-03-20,2021-04-22,nation,ca,0,10,4,124,12,7,
202112,2021-03-27,2021-04-22,nation,ca,5,10,2,132,7,4,
202113,2021-04-03,2021-04-22,nation,ca,0,9,1,137,9,8,
202114,2021-04-10,2021-04-22,nation,ca,3,24,1,187,21,10,
202115,2021-04-17,2021-04-22,nation,ca,4,20,1,126,13,20,
202035,2020-08-29,2021-04-16,nation,ca,3,10,6,322,2,1,
202036,2020-09-05,2021-04-16,nation,ca,7,14,2,279,0,2,
202037,2020-09-12,2021-04-16,nation,ca,5,14,2,312,2,1,
202038,2020-09-19,2021-04-16,nation,ca,3,24,1,645,0,6,
202039,2020-09-26,2021-04-16,nation,ca,1,9,2,1121,2,3,
202040,2020-10-03,2021-04-16,nation,ca,1,22,0,811,4,5,
202041,2020-10-10,2021-04-16,nation,ca,3,18,9,729,1,7,
202042,2020-10-17,2021-04-16,nation,ca,3,23,3,647,0,5,
202043,2020-10-24,2021-04-16,nation,ca,4,21,1,720,0,6,
202044,2020-10-31,2021-04-16,nation,ca,2,15,9,610,0,5,
202045,2020-11-07,2021-04-16,nation,ca,1,25,1,731,2,4,
202046,2020-11-14,2021-04-16,nation,ca,3,23,3,678,2,7,
202047,2020-11-21,2021-04-16,nation,ca,5,25,2,669,3,4,
202048,2020-11-28,2021-04-16,nation,ca,2,28,2,662,1,3,
202049,2020-12-05,2021-04-16,nation,ca,0,30,3,370,2,7,
202050,2020-12-12,2021-04-16,nation,ca,3,28,1,353,4,7,
202051,2020-12-19,2021-04-16,nation,ca,2,27,2,244,2,6,
202052,2020-12-26,2021-04-16,nation,ca,1,18,4,238,2,1,
202053,2021-01-02,2021-04-16,nation,ca,4,27,2,173,3,3,
202101,2021-01-09,2021-04-16,nation,ca,3,32,1,195,5,6,
202102,2021-01-16,2021-04-16,nation,ca,2,15,4,130,8,5,
202103,2021-01-23,2021-04-16,nation,ca,2,15,4,120,4,4,
202104,2021-01-30,2021-04-16,nation,ca,2,9,5,142,3,3,
202105,2021-02-06,2021-04-16,nation,ca,3,17,6,155,5,6,
202106,2021-02-13,2021-04-16,nation,ca,0,15,4,162,3,2,
202107,2021-02-20,2021-04-16,nation,ca,4,18,1,110,3,4,
202108,2021-02-27,2021-04-16,nation,ca,2,23,3,139,8,1,
202109,2021-03-06,2021-04-16,nation,ca,2,12,0,139,8,0,
202110,2021-03-13,2021-04-16,nation,ca,6,20,3,124,8,3,
202111,2021-03-20,2021-04-16,nation,ca,0,10,4,124,12,7,
202112,2021-03-27,2021-04-16,nation,ca,5,10,2,132,7,4,
202113,2021-04-03,2021-04-16,nation,ca,0,9,1,136,9,8,
202114,2021-04-10,2021-04-16,nation,ca,3,22,1,173,21,10,
202035,2020-08-29,2021-04-08,nation,ca,3,10,6,322,2,1,
202036,2020-09-05,2021-04-08,nation,ca,7,14,2,279,0,2,
202037,2020-09-12,2021-04-08,nation,ca,5,14,2,312,2,1,
202038,2020-09-19,2021-04-08,nation,ca,3,24,1,645,0,6,
202039,2020-09-26,2021-04-08,nation,ca,1,9,2,1121,2,3,
202040,2020-10-03,2021-04-08,nation,ca,1,22,0,811,4,5,
202041,2020-10-10,2021-04-08,nation,ca,3,18,9,729,1,7,
202042,2020-10-17,2021-04-08,nation,ca,3,23,3,647,0,5,
202043,2020-10-24,2021-04-08,nation,ca,4,21,1,720,0,6,
202044,2020-10-31,2021-04-08,nation,ca,2,15,9,610,0,5,
202045,2020-11-07,2021-04-08,nation,ca,1,25,1,731,2,4,
202046,2020-11-14,2021-04-08,nation,ca,3,23,3,678,2,7,
202047,2020-11-21,2021-04-08,nation,ca,5,25,2,669,3,4,
202048,2020-11-28,2021-04-08,nation,ca,2,28,2,662,1,3,
202049,2020-12-05,2021-04-08,nation,ca,0,30,3,370,2,7,
202050,2020-12-12,2021-04-08,nation,ca,3,28,1,353,4,7,
202051,2020-12-19,2021-04-08,nation,ca,2,27,2,244,2,6,
202052,2020-12-26,2021-04-08,nation,ca,1,18,4,238,2,1,
202053,2021-01-02,2021-04-08,nation,ca,4,27,2,173,3,3,
202101,2021-01-09,2021-04-08,nation,ca,3,32,1,195,5,6,
202102,2021-01-16,2021-04-08,nation,ca,2,15,4,130,8,5,
202103,2021-01-23,2021-04-08,nation,ca,2,15,4,120,4,4,
202104,2021-01-30,2021-04-08,nation,ca,2,9,5,142,3,3,
202105,2021-02-06,2021-04-08,nation,ca,3,17,6,155,5,6,
202106,2021-02-13,2021-04-08,nation,ca,0,15,4,162,3,2,
202107,2021-02-20,2021-04-08,nation,ca,4,18,1,110,3,4,
202108,2021-02-27,2021-04-08,nation,ca,2,23,3,139,8,1,
202109,2021-03-06,2021-04-08,nation,ca,2,12,0,139,8,0,
202110,2021-03-13,2021-04-08,nation,ca,6,20,3,124,8,3,
202111,2021-03-20,2021-04-08,nation,ca,0,10,4,124,12,7,
202112,2021-03-27,2021-04-08,nation,ca,5,10,2,132,7,4,
202113,2021-04-03,2021-04-08,nation,ca,0,8,1,108,9,7,
202035,2020-08-29,2021-04-01,nation,ca,3,10,6,322,2,1,
202036,2020-09-05,2021-04-01,nation,ca,7,14,2,279,0,2,
202037,2020-09-12,2021-04-01,nation,ca,5,14,2,312,2,1,
202038,2020-09-19,2021-04-01,nation,ca,3,24,1,645,0,6,
202039,2020-09-26,2021-04-01,nation,ca,1,9,2,1121,2,3,
202040,2020-10-03,2021-04-01,nation,ca,1,22,0,811,4,5,
202041,2020-10-10,2021-04-01,nation,ca,3,18,9,729,1,7,
202042,2020-10-17,2021-04-01,nation,ca,3,23,3,647,0,5,
202043,2020-10-24,2021-04-01,nation,ca,4,21,1,720,0,6,
202044,2020-10-31,2021-04-01,nation,ca,2,15,9,610,0,5,
202045,2020-11-07,2021-04-01,nation,ca,1,25,1,731,2,4,
202046,2020-11-14,2021-04-01,nation,ca,3,23,3,678,2,7,
202047,2020-11-21,2021-04-01,nation,ca,5,25,2,669,3,4,
202048,2020-11-28,2021-04-01,nation,ca,2,28,2,662,1,3,
202049,2020-12-05,2021-04-01,nation,ca,0,30,3,370,2,7,
202050,2020-12-12,2021-04-01,nation,ca,3,28,1,353,4,7,
202051,2020-12-19,2021-04-01,nation,ca,2,27,2,244,2,6,
202052,2020-12-26,2021-04-01,nation,ca,1,18,4,238,2,1,
202053,2021-01-02,2021-04-01,nation,ca,4,27,2,173,3,3,
202101,2021-01-09,2021-04-01,nation,ca,3,32,1,195,5,6,
202102,2021-01-16,2021-04-01,nation,ca,2,15,4,130,8,5,
202103,2021-01-23,2021-04-01,nation,ca,2,15,4,120,4,4,
202104,2021-01-30,2021-04-01,nation,ca,2,9,5,142,3,3,
202105,2021-02-06,2021-04-01,nation,ca,3,17,6,155,5,6,
202106,2021-02-13,2021-04-01,nation,ca,0,15,4,162,3,2,
202107,2021-02-20,2021-04-01,nation,ca,4,18,1,110,3,4,
202108,2021-02-27,2021-04-01,nation,ca,2,23,3,139,8,1,
202109,2021-03-06,2021-04-01,nation,ca,2,12,0,139,8,0,
202110,2021-03-13,2021-04-01,nation,ca,6,20,3,124,8,3,
202111,2021-03-20,2021-04-01,nation,ca,0,10,4,118,12,7,
202112,2021-03-27,2021-04-01,nation,ca,5,9,2,120,7,4,
202035,2020-08-29,2021-03-25,nation,ca,3,10,6,319,2,1,
202036,2020-09-05,2021-03-25,nation,ca,7,13,2,277,0,2,
202037,2020-09-12,2021-03-25,nation,ca,5,13,2,311,2,1,
202038,2020-09-19,2021-03-25,nation,ca,3,24,1,643,0,6,
202039,2020-09-26,2021-03-25,nation,ca,1,9,2,1119,2,3,
202040,2020-10-03,2021-03-25,nation,ca,1,22,0,806,4,5,
202041,2020-10-10,2021-03-25,nation,ca,3,18,9,717,1,7,
202042,2020-10-17,2021-03-25,nation,ca,3,23,3,643,0,5,
202043,2020-10-24,2021-03-25,nation,ca,4,21,1,715,0,6,
202044,2020-10-31,2021-03-25,nation,ca,2,14,9,606,0,5,
202045,2020-11-07,2021-03-25,nation,ca,1,25,1,723,2,4,
202046,2020-11-14,2021-03-25,nation,ca,3,23,3,673,2,7,
202047,2020-11-21,2021-03-25,nation,ca,5,25,2,666,3,4,
202048,2020-11-28,2021-03-25,nation,ca,2,27,2,658,1,4,
202049,2020-12-05,2021-03-25,nation,ca,0,29,2,365,2,6,
202050,2020-12-12,2021-03-25,nation,ca,3,27,1,349,4,7,
202051,2020-12-19,2021-03-25,nation,ca,2,25,2,241,2,6,
202052,2020-12-26,2021-03-25,nation,ca,1,16,4,233,2,1,
202053,2021-01-02,2021-03-25,nation,ca,4,27,2,169,3,3,
202101,2021-01-09,2021-03-25,nation,ca,3,30,1,193,5,6,
202102,2021-01-16,2021-03-25,nation,ca,2,15,4,128,8,5,
202103,2021-01-23,2021-03-25,nation,ca,2,15,4,120,4,4,
202104,2021-01-30,2021-03-25,nation,ca,2,9,5,142,3,3,
202105,2021-02-06,2021-03-25,nation,ca,3,17,6,155,5,6,
202106,2021-02-13,2021-03-25,nation,ca,0,15,4,162,3,2,
202107,2021-02-20,2021-03-25,nation,ca,4,17,1,110,3,4,
202108,2021-02-27,2021-03-25,nation,ca,2,22,3,139,7,1,
202109,2021-03-06,2021-03-25,nation,ca,2,12,0,138,8,0,
202110,2021-03-13,2021-03-25,nation,ca,6,19,3,120,8,3,
202111,2021-03-20,2021-03-25,nation,ca,0,10,4,108,12,7,
202035,2020-08-29,2021-03-18,nation,ca,3,10,6,319,2,1,
202036,2020-09-05,2021-03-18,nation,ca,7,13,2,277,0,2,
202037,2020-09-12,2021-03-18,nation,ca,5,13,2,311,2,1,
202038,2020-09-19,2021-03-18,nation,ca,3,24,1,643,0,6,
202039,2020-09-26,2021-03-18,nation,ca,1,9,2,1119,2,3,
202040,2020-10-03,2021-03-18,nation,ca,1,22,0,806,4,5,
202041,2020-10-10,2021-03-18,nation,ca,3,18,9,717,1,7,
202042,2020-10-17,2021-03-18,nation,ca,3,23,3,643,0,5,
202043,2020-10-24,2021-03-18,nation,ca,4,21,1,715,0,6,
202044,2020-10-31,2021-03-18,nation,ca,2,14,9,606,0,5,
202045,2020-11-07,2021-03-18,nation,ca,1,25,1,723,2,4,
202046,2020-11-14,2021-03-18,nation,ca,3,23,3,673,2,7,
202047,2020-11-21,2021-03-18,nation,ca,5,25,2,666,3,4,
202048,2020-11-28,2021-03-18,nation,ca,2,27,2,658,1,4,
202049,2020-12-05,2021-03-18,nation,ca,0,29,2,365,2,6,
202050,2020-12-12,2021-03-18,nation,ca,3,27,1,349,4,7,
202051,2020-12-19,2021-03-18,nation,ca,2,25,2,241,2,6,
202052,2020-12-26,2021-03-18,nation,ca,1,16,4,233,2,1,
202053,2021-01-02,2021-03-18,nation,ca,4,27,2,169,3,3,
202101,2021-01-09,2021-03-18,nation,ca,3,30,1,193,5,6,
202102,2021-01-16,2021-03-18,nation,ca,2,15,4,128,8,5,
202103,2021-01-23,2021-03-18,nation,ca,2,15,4,120,4,4,
202104,2021-01-30,2021-03-18,nation,ca,2,9,5,142,3,3,
202105,2021-02-06,2021-03-18,nation,ca,3,17,6,155,5,6,
202106,2021-02-13,2021-03-18,nation,ca,0,15,4,162,3,2,
202107,2021-02-20,2021-03-18,nation,ca,4,17,1,110,3,4,
202108,2021-02-27,2021-03-18,nation,ca,2,22,3,139,7,1,
202109,2021-03-06,2021-03-18,nation,ca,2,12,0,138,8,0,
202110,2021-03-13,2021-03-18,nation,ca,5,18,3,114,8,3,
202035,2020-08-29,2021-03-11,nation,ca,3,10,6,319,2,1,
202036,2020-09-05,2021-03-11,nation,ca,7,13,2,277,0,2,
202037,2020-09-12,2021-03-11,nation,ca,5,13,2,311,2,1,
202038,2020-09-19,2021-03-11,nation,ca,3,24,1,643,0,6,
202039,2020-09-26,2021-03-11,nation,ca,1,9,2,1119,2,3,
202040,2020-10-03,2021-03-11,nation,ca,1,22,0,806,4,5,
202041,2020-10-10,2021-03-11,nation,ca,3,18,9,717,1,7,
202042,2020-10-17,2021-03-11,nation,ca,3,23,3,643,0,5,
202043,2020-10-24,2021-03-11,nation,ca,4,21,1,715,0,6,
202044,2020-10-31,2021-03-11,nation,ca,2,14,9,606,0,5,
202045,2020-11-07,2021-03-11,nation,ca,1,25,1,723,2,4,
202046,2020-11-14,2021-03-11,nation,ca,3,23,3,673,2,7,
202047,2020-11-21,2021-03-11,nation,ca,5,25,2,666,3,4,
202048,2020-11-28,2021-03-11,nation,ca,2,27,2,658,1,4,
202049,2020-12-05,2021-03-11,nation,ca,0,29,2,365,2,6,
202050,2020-12-12,2021-03-11,nation,ca,3,27,1,349,4,7,
202051,2020-12-19,2021-03-11,nation,ca,2,25,2,241,2,6,
202052,2020-12-26,2021-03-11,nation,ca,1,16,4,233,2,1,
202053,2021-01-02,2021-03-11,nation,ca,4,27,2,169,3,3,
202101,2021-01-09,2021-03-11,nation,ca,3,30,1,193,5,6,
202102,2021-01-16,2021-03-11,nation,ca,2,15,4,128,8,5,
202103,2021-01-23,2021-03-11,nation,ca,2,15,4,120,4,4,
202104,2021-01-30,2021-03-11,nation,ca,2,9,5,142,3,3,
202105,2021-02-06,2021-03-11,nation,ca,3,17,6,155,5,6,
202106,2021-02-13,2021-03-11,nation,ca,0,15,4,162,3,2,
202107,2021-02-20,2021-03-11,nation,ca,4,17,1,110,3,4,
202108,2021-02-27,2021-03-11,nation,ca,2,22,3,139,7,1,
202109,2021-03-06,2021-03-11,nation,ca,2,11,0,126,8,0,
202035,2020-08-29,2021-03-04,nation,ca,3,10,6,319,2,1,
202036,2020-09-05,2021-03-04,nation,ca,7,13,2,277,0,2,
202037,2020-09-12,2021-03-04,nation,ca,5,13,2,311,2,1,
202038,2020-09-19,2021-03-04,nation,ca,3,24,1,643,0,6,
202039,2020-09-26,2021-03-04,nation,ca,1,9,2,1119,2,3,
202040,2020-10-03,2021-03-04,nation,ca,1,22,0,806,4,5,
202041,2020-10-10,2021-03-04,nation,ca,3,18,9,717,1,7,
202042,2020-10-17,2021-03-04,nation,ca,3,23,3,643,0,5,
202043,2020-10-24,2021-03-04,nation,ca,4,21,1,715,0,6,
202044,2020-10-31,2021-03-04,nation,ca,2,14,9,606,0,5,
202045,2020-11-07,2021-03-04,nation,ca,1,25,1,723,2,4,
202046,2020-11-14,2021-03-04,nation,ca,3,23,3,673,2,7,
202047,2020-11-21,2021-03-04,nation,ca,5,25,2,666,3,4,
202048,2020-11-28,2021-03-04,nation,ca,2,27,2,658,1,4,
202049,2020-12-05,2021-03-04,nation,ca,0,29,2,365,2,6,
202050,2020-12-12,2021-03-04,nation,ca,3,27,1,349,4,7,
202051,2020-12-19,2021-03-04,nation,ca,2,25,2,241,2,6,
202052,2020-12-26,2021-03-04,nation,ca,1,16,4,233,2,1,
202053,2021-01-02,2021-03-04,nation,ca,4,27,2,169,3,3,
202101,2021-01-09,2021-03-04,nation,ca,3,30,1,193,5,6,
202102,2021-01-16,2021-03-04,nation,ca,2,15,4,128,8,5,
202103,2021-01-23,2021-03-04,nation,ca,2,15,4,120,4,4,
202104,2021-01-30,2021-03-04,nation,ca,2,9,5,142,3,3,
202105,2021-02-06,2021-03-04,nation,ca,3,17,6,155,5,6,
202106,2021-02-13,2021-03-04,nation,ca,0,15,4,162,3,2,
202107,2021-02-20,2021-03-04,nation,ca,4,17,1,110,3,4,
202108,2021-02-27,2021-03-04,nation,ca,2,20,3,136,7,1,
202035,2020-08-29,2021-02-25,nation,ca,3,10,6,319,2,1,
202036,2020-09-05,2021-02-25,nation,ca,7,13,2,277,0,2,
202037,2020-09-12,2021-02-25,nation,ca,5,13,2,311,2,1,
202038,2020-09-19,2021-02-25,nation,ca,3,24,1,643,0,6,
202039,2020-09-26,2021-02-25,nation,ca,1,9,2,1119,2,3,
202040,2020-10-03,2021-02-25,nation,ca,1,22,0,806,4,5,
202041,2020-10-10,2021-02-25,nation,ca,3,18,9,717,1,7,
202042,2020-10-17,2021-02-25,nation,ca,3,23,3,643,0,5,
202043,2020-10-24,2021-02-25,nation,ca,4,21,1,715,0,6,
202044,2020-10-31,2021-02-25,nation,ca,2,14,9,606,0,5,
202045,2020-11-07,2021-02-25,nation,ca,1,25,1,723,2,4,
202046,2020-11-14,2021-02-25,nation,ca,3,23,3,673,2,7,
202047,2020-11-21,2021-02-25,nation,ca,5,25,2,666,3,4,
202048,2020-11-28,2021-02-25,nation,ca,2,27,2,658,1,4,
202049,2020-12-05,2021-02-25,nation,ca,0,29,2,365,2,6,
202050,2020-12-12,2021-02-25,nation,ca,3,27,1,349,4,7,
202051,2020-12-19,2021-02-25,nation,ca,2,25,2,241,2,6,
202052,2020-12-26,2021-02-25,nation,ca,1,16,4,233,2,1,
202053,2021-01-02,2021-02-25,nation,ca,4,27,2,169,3,3,
202101,2021-01-09,2021-02-25,nation,ca,3,30,1,193,5,6,
202102,2021-01-16,2021-02-25,nation,ca,2,15,4,128,8,5,
202103,2021-01-23,2021-02-25,nation,ca,2,15,4,120,4,4,
202104,2021-01-30,2021-02-25,nation,ca,2,9,5,142,3,3,
202105,2021-02-06,2021-02-25,nation,ca,3,17,6,155,5,6,
202106,2021-02-13,2021-02-25,nation,ca,0,15,4,162,3,2,
202107,2021-02-20,2021-02-25,nation,ca,3,15,1,89,3,4,
202035,2020-08-29,2021-02-18,nation,ca,3,10,6,319,2,1,
202036,2020-09-05,2021-02-18,nation,ca,7,13,2,277,0,2,
202037,2020-09-12,2021-02-18,nation,ca,5,13,2,311,2,1,
202038,2020-09-19,2021-02-18,nation,ca,3,24,1,643,0,6,
202039,2020-09-26,2021-02-18,nation,ca,1,9,2,1119,2,3,
202040,2020-10-03,2021-02-18,nation,ca,1,22,0,806,4,5,
202041,2020-10-10,2021-02-18,nation,ca,3,18,9,717,1,7,
202042,2020-10-17,2021-02-18,nation,ca,3,23,3,643,0,5,
202043,2020-10-24,2021-02-18,nation,ca,4,21,1,715,0,6,
202044,2020-10-31,2021-02-18,nation,ca,2,14,9,606,0,5,
202045,2020-11-07,2021-02-18,nation,ca,1,25,1,723,2,4,
202046,2020-11-14,2021-02-18,nation,ca,3,23,3,673,2,7,
202047,2020-11-21,2021-02-18,nation,ca,5,25,2,666,3,4,
202048,2020-11-28,2021-02-18,nation,ca,2,27,2,658,1,4,
202049,2020-12-05,2021-02-18,nation,ca,0,29,2,365,2,6,
202050,2020-12-12,2021-02-18,nation,ca,3,27,1,349,4,7,
202051,2020-12-19,2021-02-18,nation,ca,2,25,2,241,2,6,
202052,2020-12-26,2021-02-18,nation,ca,1,16,4,233,2,1,
202053,2021-01-02,2021-02-18,nation,ca,4,27,2,169,3,3,
202101,2021-01-09,2021-02-18,nation,ca,3,30,1,193,5,6,
202102,2021-01-16,2021-02-18,nation,ca,2,15,4,128,8,5,
202103,2021-01-23,2021-02-18,nation,ca,2,15,4,120,4,4,
202104,2021-01-30,2021-02-18,nation,ca,2,9,5,142,3,3,
202105,2021-02-06,2021-02-18,nation,ca,3,17,6,155,5,6,
202106,2021-02-13,2021-02-18,nation,ca,0,14,2,147,3,2,
202035,2020-08-29,2021-02-11,nation,ca,3,10,6,319,2,1,
202036,2020-09-05,2021-02-11,nation,ca,7,13,2,277,0,2,
202037,2020-09-12,2021-02-11,nation,ca,5,13,2,311,2,1,
202038,2020-09-19,2021-02-11,nation,ca,3,24,1,643,0,6,
202039,2020-09-26,2021-02-11,nation,ca,1,9,2,1119,2,3,
202040,2020-10-03,2021-02-11,nation,ca,1,22,0,806,4,5,
202041,2020-10-10,2021-02-11,nation,ca,3,18,9,717,1,7,
202042,2020-10-17,2021-02-11,nation,ca,3,23,3,643,0,5,
202043,2020-10-24,2021-02-11,nation,ca,4,21,1,715,0,6,
202044,2020-10-31,2021-02-11,nation,ca,2,14,9,606,0,5,
202045,2020-11-07,2021-02-11,nation,ca,1,25,1,723,2,4,
202046,2020-11-14,2021-02-11,nation,ca,3,23,3,673,2,7,
202047,2020-11-21,2021-02-11,nation,ca,5,25,2,666,3,4,
202048,2020-11-28,2021-02-11,nation,ca,2,27,2,658,1,4,
202049,2020-12-05,2021-02-11,nation,ca,0,29,2,365,2,6,
202050,2020-12-12,2021-02-11,nation,ca,3,27,1,349,4,7,
202051,2020-12-19,2021-02-11,nation,ca,2,25,2,241,2,6,
202052,2020-12-26,2021-02-11,nation,ca,1,16,4,233,2,1,
202053,2021-01-02,2021-02-11,nation,ca,4,27,2,169,3,3,
202101,2021-01-09,2021-02-11,nation,ca,3,30,1,193,5,6,
202102,2021-01-16,2021-02-11,nation,ca,2,15,4,128,8,5,
202103,2021-01-23,2021-02-11,nation,ca,2,15,4,120,4,4,
202104,2021-01-30,2021-02-11,nation,ca,2,9,5,140,5,3,
202105,2021-02-06,2021-02-11,nation,ca,2,15,6,144,5,8,
202035,2020-08-29,2021-02-04,nation,ca,3,10,6,319,2,1,
202036,2020-09-05,2021-02-04,nation,ca,7,13,2,277,0,2,
202037,2020-09-12,2021-02-04,nation,ca,5,13,2,311,2,1,
202038,2020-09-19,2021-02-04,nation,ca,3,24,1,643,0,6,
202039,2020-09-26,2021-02-04,nation,ca,1,9,2,1119,2,3,
202040,2020-10-03,2021-02-04,nation,ca,1,22,0,806,4,5,
202041,2020-10-10,2021-02-04,nation,ca,3,18,9,717,1,7,
202042,2020-10-17,2021-02-04,nation,ca,3,23,3,643,0,5,
202043,2020-10-24,2021-02-04,nation,ca,4,21,1,715,0,6,
202044,2020-10-31,2021-02-04,nation,ca,2,14,9,606,0,5,
202045,2020-11-07,2021-02-04,nation,ca,1,25,1,723,2,4,
202046,2020-11-14,2021-02-04,nation,ca,3,23,3,673,2,7,
202047,2020-11-21,2021-02-04,nation,ca,5,25,2,666,3,4,
202048,2020-11-28,2021-02-04,nation,ca,2,27,2,658,1,4,
202049,2020-12-05,2021-02-04,nation,ca,0,29,2,365,2,6,
202050,2020-12-12,2021-02-04,nation,ca,3,27,1,349,4,7,
202051,2020-12-19,2021-02-04,nation,ca,2,25,2,241,2,6,
202052,2020-12-26,2021-02-04,nation,ca,1,16,4,233,2,1,
202053,2021-01-02,2021-02-04,nation,ca,4,27,2,169,3,3,
202101,2021-01-09,2021-02-04,nation,ca,3,30,1,193,5,6,
202102,2021-01-16,2021-02-04,nation,ca,2,15,4,128,8,5,
202103,2021-01-23,2021-02-04,nation,ca,2,15,4,120,4,2,
202104,2021-01-30,2021-02-04,nation,ca,2,7,5,108,2,2,
202035,2020-08-29,2021-02-01,nation,ca,3,10,6,319,2,1,
202036,2020-09-05,2021-02-01,nation,ca,7,13,2,277,0,2,
202037,2020-09-12,2021-02-01,nation,ca,5,13,2,311,2,1,
202038,2020-09-19,2021-02-01,nation,ca,3,24,1,643,0,6,
202039,2020-09-26,2021-02-01,nation,ca,1,9,2,1119,2,3,
202040,2020-10-03,2021-02-01,nation,ca,1,22,0,806,4,5,
202041,2020-10-10,2021-02-01,nation,ca,3,18,9,717,1,7,
202042,2020-10-17,2021-02-01,nation,ca,3,23,3,643,0,5,
202043,2020-10-24,2021-02-01,nation,ca,4,21,1,715,0,6,
202044,2020-10-31,2021-02-01,nation,ca,2,14,9,606,0,5,
202045,2020-11-07,2021-02-01,nation,ca,1,25,1,723,2,4,
202046,2020-11-14,2021-02-01,nation,ca,3,23,3,673,2,7,
202047,2020-11-21,2021-02-01,nation,ca,5,25,2,666,3,4,
202048,2020-11-28,2021-02-01,nation,ca,2,27,2,658,1,4,
202049,2020-12-05,2021-02-01,nation,ca,0,29,2,365,2,6,
202050,2020-12-12,2021-02-01,nation,ca,3,27,1,349,4,7,
202051,2020-12-19,2021-02-01,nation,ca,2,25,2,241,2,6,
202052,2020-12-26,2021-02-01,nation,ca,1,16,4,233,2,1,
202053,2021-01-02,2021-02-01,nation,ca,4,27,2,169,3,3,
202101,2021-01-09,2021-02-01,nation,ca,3,30,1,193,5,6,
202102,2021-01-16,2021-02-01,nation,ca,2,15,4,128,8,5,
202103,2021-01-23,2021-02-01,nation,ca,2,12,3,83,4,2,
202035,2020-08-29,2021-01-21,nation,ca,3,10,6,319,2,1,
202036,2020-09-05,2021-01-21,nation,ca,7,13,2,277,0,2,
202037,2020-09-12,2021-01-21,nation,ca,5,13,2,311,2,1,
202038,2020-09-19,2021-01-21,nation,ca,3,24,1,643,0,6,
202039,2020-09-26,2021-01-21,nation,ca,1,9,2,1119,2,3,
202040,2020-10-03,2021-01-21,nation,ca,1,22,0,806,4,5,
202041,2020-10-10,2021-01-21,nation,ca,3,18,9,717,1,7,
202042,2020-10-17,2021-01-21,nation,ca,3,23,3,643,0,5,
202043,2020-10-24,2021-01-21,nation,ca,4,21,1,715,0,6,
202044,2020-10-31,2021-01-21,nation,ca,2,14,9,606,0,5,
202045,2020-11-07,2021-01-21,nation,ca,1,25,1,723,2,4,
202046,2020-11-14,2021-01-21,nation,ca,3,23,3,673,2,7,
202047,2020-11-21,2021-01-21,nation,ca,5,25,2,666,3,4,
202048,2020-11-28,2021-01-21,nation,ca,2,27,2,658,1,4,
202049,2020-12-05,2021-01-21,nation,ca,0,29,2,365,2,6,
202050,2020-12-12,2021-01-21,nation,ca,3,27,1,349,4,7,
202051,2020-12-19,2021-01-21,nation,ca,2,25,2,241,2,6,
202052,2020-12-26,2021-01-21,nation,ca,1,16,4,233,2,1,
202053,2021-01-02,2021-01-21,nation,ca,4,27,2,169,3,3,
202101,2021-01-09,2021-01-21,nation,ca,3,30,1,193,5,6,
202102,2021-01-16,2021-01-21,nation,ca,1,15,4,111,8,5,
202035,2020-08-29,2021-01-14,nation,ca,3,10,6,319,2,1,
202036,2020-09-05,2021-01-14,nation,ca,7,13,2,277,0,2,
202037,2020-09-12,2021-01-14,nation,ca,5,13,2,311,2,1,
202038,2020-09-19,2021-01-14,nation,ca,3,24,1,643,0,6,
202039,2020-09-26,2021-01-14,nation,ca,1,9,2,1119,2,3,
202040,2020-10-03,2021-01-14,nation,ca,1,22,0,806,4,5,
202041,2020-10-10,2021-01-14,nation,ca,3,18,9,717,1,7,
202042,2020-10-17,2021-01-14,nation,ca,3,23,3,643,0,5,
202043,2020-10-24,2021-01-14,nation,ca,4,21,1,715,0,6,
202044,2020-10-31,2021-01-14,nation,ca,2,14,9,606,0,5,
202045,2020-11-07,2021-01-14,nation,ca,1,25,1,723,2,4,
202046,2020-11-14,2021-01-14,nation,ca,3,23,3,673,2,7,
202047,2020-11-21,2021-01-14,nation,ca,5,25,2,666,3,4,
202048,2020-11-28,2021-01-14,nation,ca,2,27,2,658,1,4,
202049,2020-12-05,2021-01-14,nation,ca,0,29,2,365,2,6,
202050,2020-12-12,2021-01-14,nation,ca,3,27,1,349,4,7,
202051,2020-12-19,2021-01-14,nation,ca,2,25,2,241,2,6,
202052,2020-12-26,2021-01-14,nation,ca,1,16,4,233,2,1,
202053,2021-01-02,2021-01-14,nation,ca,4,27,2,157,3,3,
202101,2021-01-09,2021-01-14,nation,ca,3,30,1,172,4,6,
202035,2020-08-29,2021-01-07,nation,ca,3,10,6,319,2,1,
202036,2020-09-05,2021-01-07,nation,ca,7,13,2,277,0,2,
202037,2020-09-12,2021-01-07,nation,ca,5,13,2,311,2,1,
202038,2020-09-19,2021-01-07,nation,ca,3,24,1,643,0,6,
202039,2020-09-26,2021-01-07,nation,ca,1,9,2,1119,2,3,
202040,2020-10-03,2021-01-07,nation,ca,1,22,0,806,4,5,
202041,2020-10-10,2021-01-07,nation,ca,3,18,9,717,1,7,
202042,2020-10-17,2021-01-07,nation,ca,3,23,3,643,0,5,
202043,2020-10-24,2021-01-07,nation,ca,4,21,1,715,0,6,
202044,2020-10-31,2021-01-07,nation,ca,2,14,9,606,0,5,
202045,2020-11-07,2021-01-07,nation,ca,1,25,1,723,2,4,
202046,2020-11-14,2021-01-07,nation,ca,3,23,3,673,2,7,
202047,2020-11-21,2021-01-07,nation,ca,5,25,2,666,3,4,
202048,2020-11-28,2021-01-07,nation,ca,2,27,2,658,1,4,
202049,2020-12-05,2021-01-07,nation,ca,0,29,2,365,2,6,
202050,2020-12-12,2021-01-07,nation,ca,3,27,1,349,4,7,
202051,2020-12-19,2021-01-07,nation,ca,2,25,2,241,2,6,
202052,2020-12-26,2021-01-07,nation,ca,1,16,4,233,2,1,
202053,2021-01-02,2021-01-07,nation,ca,4,26,2,148,3,3,
202035,2020-08-29,2020-12-24,nation,ca,3,10,6,319,2,1,
202036,2020-09-05,2020-12-24,nation,ca,7,13,2,277,0,2,
202037,2020-09-12,2020-12-24,nation,ca,5,13,2,311,2,1,
202038,2020-09-19,2020-12-24,nation,ca,3,24,1,643,0,6,
202039,2020-09-26,2020-12-24,nation,ca,1,9,2,1119,2,3,
202040,2020-10-03,2020-12-24,nation,ca,1,22,0,806,4,5,
202041,2020-10-10,2020-12-24,nation,ca,3,18,9,717,1,7,
202042,2020-10-17,2020-12-24,nation,ca,3,23,3,643,0,5,
202043,2020-10-24,2020-12-24,nation,ca,4,21,1,715,0,6,
202044,2020-10-31,2020-12-24,nation,ca,2,14,9,606,0,5,
202045,2020-11-07,2020-12-24,nation,ca,1,25,1,723,2,4,
202046,2020-11-14,2020-12-24,nation,ca,3,23,3,673,2,7,
202047,2020-11-21,2020-12-24,nation,ca,5,25,2,666,3,4,
202048,2020-11-28,2020-12-24,nation,ca,2,27,2,658,1,4,
202049,2020-12-05,2020-12-24,nation,ca,0,29,2,365,2,6,
202050,2020-12-12,2020-12-24,nation,ca,3,25,1,336,4,7,
202051,2020-12-19,2020-12-24,nation,ca,2,23,2,207,2,6,
202035,2020-08-29,2020-12-17,nation,ca,3,10,6,319,2,1,
202036,2020-09-05,2020-12-17,nation,ca,7,13,2,277,0,2,
202037,2020-09-12,2020-12-17,nation,ca,5,13,2,311,2,1,
202038,2020-09-19,2020-12-17,nation,ca,3,24,1,643,0,6,
202039,2020-09-26,2020-12-17,nation,ca,1,9,2,1119,2,3,
202040,2020-10-03,2020-12-17,nation,ca,1,22,0,806,4,5,
202041,2020-10-10,2020-12-17,nation,ca,3,18,9,717,1,7,
202042,2020-10-17,2020-12-17,nation,ca,3,23,3,643,0,5,
202043,2020-10-24,2020-12-17,nation,ca,4,21,1,715,0,6,
202044,2020-10-31,2020-12-17,nation,ca,2,14,9,606,0,5,
202045,2020-11-07,2020-12-17,nation,ca,1,25,1,723,2,4,
202046,2020-11-14,2020-12-17,nation,ca,3,23,3,673,2,7,
202047,2020-11-21,2020-12-17,nation,ca,5,25,2,666,3,4,
202048,2020-11-28,2020-12-17,nation,ca,2,27,2,658,1,4,
202049,2020-12-05,2020-12-17,nation,ca,0,29,2,355,2,7,
202050,2020-12-12,2020-12-17,nation,ca,2,23,1,295,4,7,
202035,2020-08-29,2020-12-11,nation,ca,3,10,6,319,2,1,
202036,2020-09-05,2020-12-11,nation,ca,7,13,2,277,0,2,
202037,2020-09-12,2020-12-11,nation,ca,5,13,2,311,2,1,
202038,2020-09-19,2020-12-11,nation,ca,3,24,1,643,0,6,
202039,2020-09-26,2020-12-11,nation,ca,1,9,2,1119,2,3,
202040,2020-10-03,2020-12-11,nation,ca,1,22,0,806,4,5,
202041,2020-10-10,2020-12-11,nation,ca,3,18,9,717,1,7,
202042,2020-10-17,2020-12-11,nation,ca,3,23,3,643,0,5,
202043,2020-10-24,2020-12-11,nation,ca,4,21,1,715,0,6,
202044,2020-10-31,2020-12-11,nation,ca,2,14,9,606,0,5,
202045,2020-11-07,2020-12-11,nation,ca,1,25,1,723,2,4,
202046,2020-11-14,2020-12-11,nation,ca,3,23,3,673,2,7,
202047,2020-11-21,2020-12-11,nation,ca,5,25,2,666,3,4,
202048,2020-11-28,2020-12-11,nation,ca,2,26,2,653,1,4,
202049,2020-12-05,2020-12-11,nation,ca,0,26,0,284,1,7,
202035,2020-08-29,2020-12-10,nation,ca,3,10,6,319,2,1,
202036,2020-09-05,2020-12-10,nation,ca,7,13,2,277,0,2,
202037,2020-09-12,2020-12-10,nation,ca,5,13,2,311,2,1,
202038,2020-09-19,2020-12-10,nation,ca,3,24,1,643,0,6,
202039,2020-09-26,2020-12-10,nation,ca,1,9,2,1119,2,3,
202040,2020-10-03,2020-12-10,nation,ca,1,22,0,806,4,5,
202041,2020-10-10,2020-12-10,nation,ca,3,18,9,717,1,7,
202042,2020-10-17,2020-12-10,nation,ca,3,23,3,643,0,5,
202043,2020-10-24,2020-12-10,nation,ca,4,21,1,715,0,6,
202044,2020-10-31,2020-12-10,nation,ca,2,14,9,606,0,5,
202045,2020-11-07,2020-12-10,nation,ca,1,25,1,723,2,4,
202046,2020-11-14,2020-12-10,nation,ca,3,23,3,673,2,7,
202047,2020-11-21,2020-12-10,nation,ca,5,24,2,664,3,4,
202048,2020-11-28,2020-12-10,nation,ca,1,17,2,581,1,2,
202035,2020-08-29,2020-11-26,nation,ca,3,10,6,319,2,1,
202036,2020-09-05,2020-11-26,nation,ca,7,13,2,277,0,2,
202037,2020-09-12,2020-11-26,nation,ca,5,13,2,311,2,1,
202038,2020-09-19,2020-11-26,nation,ca,3,24,1,643,0,6,
202039,2020-09-26,2020-11-26,nation,ca,1,9,2,1119,2,3,
202040,2020-10-03,2020-11-26,nation,ca,1,22,0,806,4,5,
202041,2020-10-10,2020-11-26,nation,ca,3,18,9,717,1,7,
202042,2020-10-17,2020-11-26,nation,ca,3,23,3,643,0,5,
202043,2020-10-24,2020-11-26,nation,ca,4,21,1,715,0,6,
202044,2020-10-31,2020-11-26,nation,ca,2,14,9,606,0,5,
202045,2020-11-07,2020-11-26,nation,ca,1,25,1,723,2,4,
202046,2020-11-14,2020-11-26,nation,ca,3,23,3,674,2,7,
202047,2020-11-21,2020-11-26,nation,ca,4,22,2,575,3,4,
202035,2020-08-29,2020-11-19,nation,ca,3,10,6,319,2,1,
202036,2020-09-05,2020-11-19,nation,ca,7,13,2,277,0,2,
202037,2020-09-12,2020-11-19,nation,ca,5,13,2,311,2,1,
202038,2020-09-19,2020-11-19,nation,ca,3,24,1,643,0,6,
202039,2020-09-26,2020-11-19,nation,ca,1,9,2,1119,2,3,
202040,2020-10-03,2020-11-19,nation,ca,1,22,0,806,4,5,
202041,2020-10-10,2020-11-19,nation,ca,3,18,9,717,1,7,
202042,2020-10-17,2020-11-19,nation,ca,3,23,3,643,0,5,
202043,2020-10-24,2020-11-19,nation,ca,4,21,1,715,0,6,
202044,2020-10-31,2020-11-19,nation,ca,2,14,9,606,0,5,
202045,2020-11-07,2020-11-19,nation,ca,1,25,1,723,2,4,
202046,2020-11-14,2020-11-19,nation,ca,3,22,2,633,2,7,
202035,2020-08-29,2020-11-13,nation,ca,3,10,6,319,2,1,
202036,2020-09-05,2020-11-13,nation,ca,7,13,2,277,0,2,
202037,2020-09-12,2020-11-13,nation,ca,5,13,2,311,2,1,
202038,2020-09-19,2020-11-13,nation,ca,3,24,1,643,0,6,
202039,2020-09-26,2020-11-13,nation,ca,1,9,2,1119,2,3,
202040,2020-10-03,2020-11-13,nation,ca,1,22,0,806,4,5,
202041,2020-10-10,2020-11-13,nation,ca,3,18,9,717,1,7,
202042,2020-10-17,2020-11-13,nation,ca,3,23,3,643,0,5,
202043,2020-10-24,2020-11-13,nation,ca,4,21,1,715,0,6,
202044,2020-10-31,2020-11-13,nation,ca,2,14,9,606,0,5,
202045,2020-11-07,2020-11-13,nation,ca,1,21,0,681,1,4,
202035,2020-08-29,2020-11-06,nation,ca,3,10,6,319,2,1,
202036,2020-09-05,2020-11-06,nation,ca,7,13,2,277,0,2,
202037,2020-09-12,2020-11-06,nation,ca,5,13,2,311,2,1,
202038,2020-09-19,2020-11-06,nation,ca,3,24,1,643,0,6,
202039,2020-09-26,2020-11-06,nation,ca,1,9,2,1119,2,3,
202040,2020-10-03,2020-11-06,nation,ca,1,22,0,806,4,5,
202041,2020-10-10,2020-11-06,nation,ca,3,18,9,717,1,7,
202042,2020-10-17,2020-11-06,nation,ca,3,23,3,643,0,5,
202043,2020-10-24,2020-11-06,nation,ca,4,21,1,715,0,6,
202044,2020-10-31,2020-11-06,nation,ca,2,14,8,557,0,5,
202035,2020-08-29,2020-10-30,nation,ca,3,10,6,319,2,1,
202036,2020-09-05,2020-10-30,nation,ca,7,13,2,277,0,2,
202037,2020-09-12,2020-10-30,nation,ca,5,13,2,311,2,1,
202038,2020-09-19,2020-10-30,nation,ca,3,24,1,643,0,6,
202039,2020-09-26,2020-10-30,nation,ca,1,9,2,1119,2,3,
202040,2020-10-03,2020-10-30,nation,ca,1,22,0,806,4,5,
202041,2020-10-10,2020-10-30,nation,ca,3,18,9,717,1,7,
202042,2020-10-17,2020-10-30,nation,ca,3,21,3,633,0,5,
202043,2020-10-24,2020-10-30,nation,ca,3,19,1,647,0,6,
202035,2020-08-29,2020-10-22,nation,ca,3,10,6,319,2,1,
202036,2020-09-05,2020-10-22,nation,ca,7,13,2,277,0,2,
202037,2020-09-12,2020-10-22,nation,ca,5,13,2,311,2,1,
202038,2020-09-19,2020-10-22,nation,ca,3,24,1,643,0,6,
202039,2020-09-26,2020-10-22,nation,ca,1,9,2,1119,2,3,
202040,2020-10-03,2020-10-22,nation,ca,1,22,0,806,4,5,
202041,2020-10-10,2020-10-22,nation,ca,3,19,8,719,1,8,
202042,2020-10-17,2020-10-22,nation,ca,3,18,3,503,0,5,
202035,2020-08-29,2020-10-15,nation,ca,3,10,6,319,2,1,
202036,2020-09-05,2020-10-15,nation,ca,7,13,2,277,0,2,
202037,2020-09-12,2020-10-15,nation,ca,5,13,2,311,2,1,
202038,2020-09-19,2020-10-15,nation,ca,3,24,1,643,0,6,
202039,2020-09-26,2020-10-15,nation,ca,1,9,2,1117,2,3,
202040,2020-10-03,2020-10-15,nation,ca,1,17,0,673,4,5,
202041,2020-10-10,2020-10-15,nation,ca,3,14,6,257,0,7,
202035,2020-08-29,2020-10-08,nation,ca,3,10,6,319,2,1,
202036,2020-09-05,2020-10-08,nation,ca,7,13,2,277,0,2,
202037,2020-09-12,2020-10-08,nation,ca,5,13,2,311,2,1,
202038,2020-09-19,2020-10-08,nation,ca,3,24,1,643,0,6,
202039,2020-09-26,2020-10-08,nation,ca,1,9,2,1 118,2,3,
202040,2020-10-03,2020-10-08,nation,ca,1,16,0,669,4,5,
202035,2020-08-29,2020-10-01,nation,ca,3,10,6,319,2,1,
202036,2020-09-05,2020-10-01,nation,ca,7,13,2,277,0,2,
202037,2020-09-12,2020-10-01,nation,ca,5,13,2,311,2,1,
202038,2020-09-19,2020-10-01,nation,ca,4,24,1,680,0,6,
202039,2020-09-26,2020-10-01,nation,ca,0,10,0,1000,2,3,
202035,2020-08-29,2020-09-25,nation,ca,3,10,6,319,2,1,
202036,2020-09-05,2020-09-25,nation,ca,7,13,2,277,0,2,
202037,2020-09-12,2020-09-25,nation,ca,5,13,2,309,2,1,
202038,2020-09-19,2020-09-25,nation,ca,1,21,1,546,0,6,
202035,2020-08-29,2020-09-17,nation,ca,3,10,6,319,2,1,
202036,2020-09-05,2020-09-17,nation,ca,6,13,1,255,0,2,
202037,2020-09-12,2020-09-17,nation,ca,0,8,0,184,1,1,
202035,2020-08-29,2020-09-10,nation,ca,3,10,4,299,2,1,
202036,2020-09-05,2020-09-10,nation,ca,5,11,1,187,0,2,
202035,2020-08-29,2020-09-04,nation,ca,2,10,2,174,2,1,
