epiweek,time_value,issue,geo_type,geo_value,sars-cov-2_tests,sars-cov-2_positive_tests,flu_tests,flu_positive_tests,flu_ah1pdm09_positive_tests,flu_ah3_positive_tests,flu_auns_positive_tests,flu_a_positive_tests,flu_b_positive_tests,rsv_tests,rsv_positive_tests,hpiv_tests,hpiv_1_positive_tests,hpiv_2_positive_tests,hpiv_3_positive_tests,hpiv_4_positive_tests,hpiv_other_positive_tests,adv_tests,adv_positive_tests,hmpv_tests,hmpv_positive_tests,ev_rv_tests,ev_rv_positive_tests,hcov_tests,hcov_positive_tests
202435,2024-08-31,2024-09-05,lab,nl,523.0,69.0,413.0,0.0,0.0,0.0,0.0,0.0,0.0,413.0,0.0,413.0,2.0,0.0,1.0,3.0,0.0,413.0,9.0,413.0,1.0,413.0,28.0,413.0,2.0
202435,2024-08-31,2024-09-05,lab,pe,,,,,,,,,,,,,,,,,,,,,,,,,
202435,2024-08-31,2024-09-05,lab,ns,1198.0,247.0,1143.0,2.0,0.0,0.0,1.0,1.0,1.0,1047.0,0.0,44.0,0.0,0.0,0.0,0.0,0.0,44.0,0.0,44.0,0.0,44.0,10.0,44.0,0.0
202435,2024-08-31,2024-09-05,lab,nb,1073.0,180.0,645.0,0.0,0.0,0.0,0.0,0.0,0.0,645.0,1.0,99.0,0.0,0.0,0.0,0.0,0.0,99.0,1.0,99.0,0.0,99.0,8.0,99.0,1.0
202435,2024-08-31,2024-09-05,region,atlantic,2794.0,496.0,2201.0,2.0,0.0,0.0,1.0,1.0,1.0,2105.0,1.0,556.0,2.0,0.0,1.0,3.0,0.0,556.0,10.0,556.0,1.0,556.0,46.0,556.0,3.0
202435,2024-08-31,2024-09-05,lab,région nord-est,1268.0,234.0,1042.0,0.0,0.0,0.0,0.0,0.0,0.0,447.0,0.0,124.0,0.0,0.0,2.0,0.0,0.0,124.0,1.0,114.0,1.0,,,124.0,1.0
202435,2024-08-31,2024-09-05,lab,québec-chaudière-appalaches,1512.0,288.0,1129.0,3.0,0.0,0.0,2.0,2.0,1.0,1129.0,11.0,528.0,3.0,0.0,0.0,2.0,0.0,543.0,13.0,530.0,8.0,,,464.0,10.0
202435,2024-08-31,2024-09-05,lab,centre-du-québec,2179.0,570.0,698.0,0.0,0.0,0.0,0.0,0.0,0.0,480.0,5.0,28.0,0.0,0.0,0.0,0.0,0.0,28.0,0.0,28.0,0.0,,,29.0,1.0
202435,2024-08-31,2024-09-05,lab,montréal-laval,1889.0,424.0,1387.0,3.0,0.0,0.0,2.0,2.0,1.0,1253.0,26.0,730.0,4.0,6.0,4.0,4.0,0.0,730.0,6.0,731.0,1.0,,,730.0,4.0
202435,2024-08-31,2024-09-05,lab,ouest du québec,1265.0,320.0,648.0,2.0,0.0,0.0,2.0,2.0,0.0,648.0,10.0,26.0,1.0,0.0,0.0,0.0,0.0,26.0,1.0,26.0,0.0,,,26.0,0.0
202435,2024-08-31,2024-09-05,lab,montérégie,1335.0,311.0,1131.0,1.0,0.0,0.0,1.0,1.0,0.0,1131.0,5.0,8.0,0.0,0.0,0.0,0.0,0.0,8.0,0.0,8.0,0.0,,,8.0,0.0
202435,2024-08-31,2024-09-05,region,qc,9448.0,2147.0,6035.0,9.0,0.0,0.0,7.0,7.0,2.0,5088.0,57.0,1444.0,8.0,6.0,6.0,6.0,0.0,1459.0,21.0,1437.0,10.0,,,1381.0,16.0
202435,2024-08-31,2024-09-05,lab,phol - ottawa,148.0,80.0,105.0,0.0,0.0,0.0,0.0,0.0,0.0,105.0,0.0,56.0,0.0,0.0,0.0,0.0,4.0,56.0,0.0,56.0,0.0,56.0,3.0,56.0,0.0
202435,2024-08-31,2024-09-05,lab,eorla,802.0,85.0,383.0,0.0,0.0,0.0,0.0,0.0,0.0,383.0,2.0,29.0,0.0,0.0,0.0,0.0,0.0,29.0,0.0,29.0,0.0,29.0,6.0,29.0,0.0
202435,2024-08-31,2024-09-05,lab,phol - kingston,260.0,106.0,149.0,0.0,0.0,0.0,0.0,0.0,0.0,149.0,1.0,63.0,0.0,0.0,0.0,0.0,0.0,63.0,0.0,63.0,0.0,63.0,0.0,63.0,1.0
202435,2024-08-31,2024-09-05,lab,phol - peterborough,68.0,35.0,73.0,0.0,0.0,0.0,0.0,0.0,0.0,73.0,2.0,40.0,0.0,0.0,0.0,0.0,1.0,40.0,0.0,40.0,0.0,40.0,1.0,40.0,1.0
202435,2024-08-31,2024-09-05,lab,phol - toronto,364.0,84.0,629.0,4.0,6.0,1.0,0.0,4.0,0.0,629.0,0.0,583.0,0.0,0.0,0.0,0.0,24.0,583.0,6.0,583.0,7.0,583.0,76.0,583.0,3.0
202435,2024-08-31,2024-09-05,lab,uhn / mount sinai hospital,936.0,79.0,903.0,2.0,0.0,0.0,1.0,1.0,1.0,903.0,0.0,87.0,0.0,0.0,2.0,1.0,0.0,87.0,0.0,87.0,0.0,87.0,6.0,87.0,0.0
202435,2024-08-31,2024-09-05,lab,sick kids hospital - toronto,,,,,,,,,,,,,,,,,,,,,,,,,
202435,2024-08-31,2024-09-05,lab,shared hospital laboratory,1427.0,164.0,1006.0,2.0,1.0,0.0,1.0,2.0,0.0,1006.0,4.0,980.0,0.0,0.0,0.0,0.0,11.0,980.0,2.0,1004.0,0.0,1004.0,39.0,1004.0,1.0
202435,2024-08-31,2024-09-05,lab,phol - hamilton,48.0,10.0,46.0,7.0,0.0,6.0,1.0,7.0,0.0,46.0,0.0,40.0,0.0,0.0,0.0,0.0,1.0,40.0,1.0,40.0,0.0,40.0,5.0,40.0,0.0
202435,2024-08-31,2024-09-05,lab,st. joseph's - hamilton,1443.0,148.0,1341.0,4.0,0.0,0.0,4.0,4.0,0.0,1341.0,3.0,1341.0,0.0,0.0,3.0,0.0,0.0,1341.0,0.0,1341.0,0.0,1341.0,75.0,0.0,0.0
202435,2024-08-31,2024-09-05,lab,phol - london,231.0,86.0,221.0,0.0,0.0,0.0,0.0,0.0,0.0,221.0,0.0,184.0,0.0,0.0,0.0,0.0,2.0,184.0,1.0,184.0,0.0,184.0,11.0,184.0,1.0
202435,2024-08-31,2024-09-05,lab,st. joseph's - london,490.0,77.0,69.0,1.0,0.0,0.0,0.0,0.0,1.0,69.0,1.0,68.0,0.0,0.0,0.0,0.0,0.0,68.0,1.0,68.0,0.0,68.0,6.0,68.0,1.0
202435,2024-08-31,2024-09-05,lab,phol - orillia,21.0,13.0,16.0,0.0,0.0,0.0,0.0,0.0,0.0,16.0,0.0,15.0,0.0,0.0,0.0,0.0,0.0,15.0,0.0,15.0,0.0,15.0,2.0,15.0,0.0
202435,2024-08-31,2024-09-05,lab,phol - sudbury,11.0,1.0,16.0,0.0,0.0,0.0,0.0,0.0,0.0,16.0,0.0,11.0,0.0,0.0,0.0,0.0,0.0,11.0,0.0,11.0,0.0,11.0,1.0,11.0,0.0
202435,2024-08-31,2024-09-05,lab,phol - timmins,28.0,4.0,25.0,0.0,0.0,0.0,0.0,0.0,0.0,25.0,0.0,10.0,0.0,0.0,0.0,0.0,0.0,10.0,1.0,10.0,0.0,10.0,1.0,10.0,0.0
202435,2024-08-31,2024-09-05,lab,phol - sault ste. marie,3.0,0.0,5.0,0.0,0.0,0.0,0.0,0.0,0.0,5.0,0.0,5.0,0.0,0.0,0.0,0.0,1.0,5.0,0.0,5.0,0.0,5.0,0.0,5.0,0.0
202435,2024-08-31,2024-09-05,lab,sault area hospital,76.0,8.0,64.0,0.0,0.0,0.0,0.0,0.0,0.0,64.0,0.0,56.0,0.0,0.0,0.0,1.0,0.0,56.0,0.0,56.0,0.0,56.0,3.0,56.0,0.0
202435,2024-08-31,2024-09-05,lab,phol - thunder bay,20.0,6.0,21.0,0.0,0.0,0.0,0.0,0.0,0.0,21.0,0.0,21.0,0.0,0.0,0.0,0.0,2.0,21.0,0.0,21.0,0.0,21.0,1.0,21.0,0.0
202435,2024-08-31,2024-09-05,region,on,6376.0,986.0,5072.0,20.0,7.0,7.0,7.0,18.0,2.0,5072.0,13.0,3589.0,0.0,0.0,5.0,2.0,46.0,3589.0,12.0,3613.0,7.0,3613.0,236.0,2272.0,8.0
202435,2024-08-31,2024-09-05,lab,mb,1095.0,188.0,321.0,0.0,0.0,0.0,0.0,0.0,0.0,321.0,1.0,43.0,1.0,0.0,2.0,0.0,0.0,43.0,1.0,83.0,0.0,43.0,11.0,83.0,0.0
202435,2024-08-31,2024-09-05,lab,sk,1100.0,155.0,793.0,23.0,0.0,0.0,23.0,23.0,0.0,705.0,2.0,279.0,0.0,0.0,0.0,1.0,0.0,279.0,10.0,279.0,1.0,279.0,37.0,279.0,0.0
202435,2024-08-31,2024-09-05,lab,ab,,,795.0,8.0,5.0,3.0,0.0,8.0,0.0,729.0,1.0,729.0,3.0,4.0,1.0,1.0,0.0,729.0,7.0,682.0,0.0,725.0,100.0,729.0,2.0
202435,2024-08-31,2024-09-05,region,prairies,2195.0,343.0,1909.0,31.0,5.0,3.0,23.0,31.0,0.0,1755.0,4.0,1051.0,4.0,4.0,3.0,2.0,0.0,1051.0,18.0,1044.0,1.0,1047.0,148.0,1091.0,2.0
202435,2024-08-31,2024-09-05,region,bc,2498.0,477.0,2214.0,31.0,8.0,1.0,1.0,30.0,1.0,2440.0,70.0,600.0,3.0,0.0,5.0,1.0,0.0,600.0,2.0,600.0,9.0,596.0,55.0,596.0,1.0
202435,2024-08-31,2024-09-05,lab,yk,46.0,10.0,24.0,0.0,0.0,0.0,0.0,0.0,0.0,24.0,0.0,,,,,,,,,,,,,,
202435,2024-08-31,2024-09-05,lab,nt,26.0,8.0,26.0,0.0,0.0,0.0,0.0,0.0,0.0,26.0,0.0,,,,,,,26.0,0.0,26.0,0.0,26.0,11.0,,
202435,2024-08-31,2024-09-05,lab,nu,107.0,5.0,82.0,0.0,0.0,0.0,0.0,0.0,0.0,82.0,0.0,,,,,,,,,,,,,,
202435,2024-08-31,2024-09-05,region,territories,179.0,23.0,132.0,0.0,0.0,0.0,0.0,0.0,0.0,132.0,0.0,,,,,,,26.0,0.0,26.0,0.0,26.0,11.0,,
202435,2024-08-31,2024-09-05,nation,ca,23490.0,4472.0,17563.0,93.0,20.0,11.0,39.0,87.0,6.0,16592.0,145.0,7240.0,17.0,10.0,20.0,14.0,46.0,7281.0,63.0,7276.0,28.0,5838.0,496.0,5896.0,30.0
202436,2024-09-07,2024-09-12,lab,nl,523.0,69.0,413.0,0.0,0.0,0.0,0.0,0.0,0.0,413.0,0.0,413.0,2.0,0.0,1.0,3.0,0.0,413.0,9.0,413.0,1.0,413.0,28.0,413.0,2.0
202436,2024-09-07,2024-09-12,lab,pe,139.0,22.0,41.0,0.0,0.0,0.0,0.0,0.0,0.0,41.0,1.0,20.0,1.0,0.0,1.0,0.0,0.0,20.0,0.0,20.0,0.0,20.0,7.0,20.0,0.0
202436,2024-09-07,2024-09-12,lab,ns,1198.0,247.0,1143.0,2.0,0.0,0.0,1.0,1.0,1.0,1047.0,0.0,44.0,0.0,0.0,0.0,0.0,0.0,44.0,0.0,44.0,0.0,44.0,10.0,44.0,0.0
202436,2024-09-07,2024-09-12,lab,nb,1073.0,180.0,645.0,0.0,0.0,0.0,0.0,0.0,0.0,645.0,1.0,99.0,0.0,0.0,0.0,0.0,0.0,99.0,1.0,99.0,0.0,99.0,12.0,99.0,1.0
202436,2024-09-07,2024-09-12,region,atlantic,2933.0,518.0,2242.0,2.0,0.0,0.0,1.0,1.0,1.0,2146.0,2.0,576.0,3.0,0.0,2.0,3.0,0.0,576.0,10.0,576.0,1.0,576.0,57.0,576.0,3.0
202436,2024-09-07,2024-09-12,lab,région nord-est,1271.0,235.0,1059.0,0.0,0.0,0.0,0.0,0.0,0.0,464.0,0.0,131.0,0.0,0.0,2.0,0.0,0.0,131.0,1.0,120.0,2.0,131.0,21.0,131.0,1.0
202436,2024-09-07,2024-09-12,lab,québec-chaudière-appalaches,1512.0,288.0,1111.0,3.0,0.0,0.0,2.0,2.0,1.0,1111.0,11.0,514.0,3.0,0.0,0.0,2.0,0.0,531.0,13.0,516.0,8.0,547.0,77.0,457.0,10.0
202436,2024-09-07,2024-09-12,lab,centre-du-québec,2178.0,570.0,695.0,0.0,0.0,0.0,0.0,0.0,0.0,477.0,5.0,29.0,0.0,0.0,0.0,0.0,0.0,29.0,0.0,29.0,0.0,29.0,5.0,30.0,1.0
202436,2024-09-07,2024-09-12,lab,montréal-laval,1882.0,424.0,1401.0,3.0,0.0,0.0,2.0,2.0,1.0,1268.0,26.0,746.0,4.0,6.0,4.0,4.0,0.0,746.0,6.0,747.0,1.0,773.0,70.0,746.0,4.0
202436,2024-09-07,2024-09-12,lab,ouest du québec,1262.0,319.0,650.0,2.0,0.0,0.0,2.0,2.0,0.0,650.0,10.0,28.0,1.0,0.0,0.0,0.0,0.0,28.0,1.0,28.0,0.0,28.0,10.0,28.0,0.0
202436,2024-09-07,2024-09-12,lab,montérégie,1335.0,311.0,1130.0,1.0,0.0,0.0,1.0,1.0,0.0,1130.0,5.0,8.0,0.0,0.0,0.0,0.0,0.0,8.0,0.0,8.0,0.0,15.0,1.0,8.0,0.0
202436,2024-09-07,2024-09-12,region,qc,9440.0,2147.0,6046.0,9.0,0.0,0.0,7.0,7.0,2.0,5100.0,57.0,1456.0,8.0,6.0,6.0,6.0,0.0,1473.0,21.0,1448.0,11.0,1523.0,184.0,1400.0,16.0
202436,2024-09-07,2024-09-12,lab,phol - ottawa,148.0,80.0,105.0,0.0,0.0,0.0,0.0,0.0,0.0,105.0,0.0,56.0,0.0,0.0,0.0,0.0,4.0,56.0,0.0,56.0,0.0,56.0,3.0,56.0,0.0
202436,2024-09-07,2024-09-12,lab,eorla,802.0,85.0,383.0,0.0,0.0,0.0,0.0,0.0,0.0,383.0,2.0,29.0,0.0,0.0,0.0,0.0,0.0,29.0,0.0,29.0,0.0,29.0,6.0,29.0,0.0
202436,2024-09-07,2024-09-12,lab,phol - kingston,260.0,106.0,149.0,0.0,0.0,0.0,0.0,0.0,0.0,149.0,1.0,63.0,0.0,0.0,0.0,0.0,0.0,63.0,0.0,63.0,0.0,63.0,0.0,63.0,1.0
202436,2024-09-07,2024-09-12,lab,phol - peterborough,68.0,35.0,73.0,0.0,0.0,0.0,0.0,0.0,0.0,73.0,2.0,40.0,0.0,0.0,0.0,0.0,1.0,40.0,0.0,40.0,0.0,40.0,1.0,40.0,1.0
202436,2024-09-07,2024-09-12,lab,phol - toronto,364.0,84.0,629.0,4.0,6.0,1.0,0.0,4.0,0.0,629.0,0.0,583.0,0.0,0.0,0.0,0.0,24.0,583.0,6.0,583.0,7.0,583.0,76.0,583.0,3.0
202436,2024-09-07,2024-09-12,lab,uhn / mount sinai hospital,936.0,79.0,903.0,2.0,0.0,0.0,1.0,1.0,1.0,903.0,0.0,87.0,0.0,0.0,2.0,1.0,0.0,87.0,0.0,87.0,0.0,87.0,6.0,87.0,0.0
202436,2024-09-07,2024-09-12,lab,sick kids hospital - toronto,,,,,,,,,,,,,,,,,,,,,,,,,
202436,2024-09-07,2024-09-12,lab,shared hospital laboratory,1427.0,164.0,1006.0,2.0,1.0,0.0,1.0,2.0,0.0,1006.0,4.0,980.0,0.0,0.0,0.0,0.0,11.0,980.0,2.0,1004.0,0.0,1004.0,39.0,1004.0,1.0
202436,2024-09-07,2024-09-12,lab,phol - hamilton,48.0,10.0,46.0,7.0,0.0,6.0,1.0,7.0,0.0,46.0,0.0,40.0,0.0,0.0,0.0,0.0,1.0,40.0,1.0,40.0,0.0,40.0,5.0,40.0,0.0
202436,2024-09-07,2024-09-12,lab,st. joseph's - hamilton,1443.0,148.0,1341.0,4.0,0.0,0.0,4.0,4.0,0.0,1341.0,3.0,1341.0,0.0,0.0,3.0,0.0,0.0,1341.0,0.0,1341.0,0.0,1341.0,75.0,0.0,0.0
202436,2024-09-07,2024-09-12,lab,phol - london,231.0,86.0,221.0,0.0,0.0,0.0,0.0,0.0,0.0,221.0,0.0,185.0,0.0,0.0,0.0,0.0,3.0,185.0,1.0,185.0,0.0,185.0,11.0,185.0,1.0
202436,2024-09-07,2024-09-12,lab,st. joseph's - london,490.0,77.0,69.0,1.0,0.0,0.0,0.0,0.0,1.0,69.0,1.0,68.0,0.0,0.0,0.0,0.0,0.0,68.0,1.0,68.0,0.0,68.0,6.0,68.0,1.0
202436,2024-09-07,2024-09-12,lab,phol - orillia,21.0,13.0,16.0,0.0,0.0,0.0,0.0,0.0,0.0,16.0,0.0,15.0,0.0,0.0,0.0,0.0,0.0,15.0,0.0,15.0,0.0,15.0,2.0,15.0,0.0
202436,2024-09-07,2024-09-12,lab,phol - sudbury,11.0,1.0,16.0,0.0,0.0,0.0,0.0,0.0,0.0,16.0,0.0,11.0,0.0,0.0,0.0,0.0,0.0,11.0,0.0,11.0,0.0,11.0,1.0,11.0,0.0
202436,2024-09-07,2024-09-12,lab,phol - timmins,28.0,4.0,25.0,0.0,0.0,0.0,0.0,0.0,0.0,25.0,0.0,10.0,0.0,0.0,0.0,0.0,0.0,10.0,1.0,10.0,0.0,10.0,1.0,10.0,0.0
202436,2024-09-07,2024-09-12,lab,phol - sault ste. marie,3.0,0.0,5.0,0.0,0.0,0.0,0.0,0.0,0.0,5.0,0.0,5.0,0.0,0.0,0.0,0.0,1.0,5.0,0.0,5.0,0.0,5.0,0.0,5.0,0.0
202436,2024-09-07,2024-09-12,lab,sault area hospital,76.0,8.0,64.0,0.0,0.0,0.0,0.0,0.0,0.0,64.0,0.0,56.0,0.0,0.0,0.0,1.0,0.0,56.0,0.0,56.0,0.0,56.0,3.0,56.0,0.0
202436,2024-09-07,2024-09-12,lab,phol - thunder bay,20.0,6.0,21.0,0.0,0.0,0.0,0.0,0.0,0.0,21.0,0.0,21.0,0.0,0.0,0.0,0.0,2.0,21.0,0.0,21.0,0.0,21.0,1.0,21.0,0.0
202436,2024-09-07,2024-09-12,region,on,6376.0,986.0,5072.0,20.0,7.0,7.0,7.0,18.0,2.0,5072.0,13.0,3590.0,0.0,0.0,5.0,2.0,47.0,3590.0,12.0,3614.0,7.0,3614.0,236.0,2273.0,8.0
202436,2024-09-07,2024-09-12,lab,mb,1095.0,188.0,321.0,0.0,0.0,0.0,0.0,0.0,0.0,321.0,1.0,43.0,1.0,0.0,2.0,0.0,0.0,43.0,1.0,83.0,0.0,43.0,11.0,83.0,0.0
202436,2024-09-07,2024-09-12,lab,sk,1082.0,122.0,868.0,32.0,11.0,0.0,20.0,31.0,1.0,776.0,2.0,322.0,0.0,1.0,0.0,1.0,0.0,322.0,10.0,322.0,1.0,322.0,43.0,322.0,0.0
202436,2024-09-07,2024-09-12,lab,ab,3145.0,324.0,939.0,8.0,5.0,3.0,0.0,8.0,0.0,852.0,1.0,852.0,3.0,4.0,1.0,1.0,0.0,852.0,9.0,791.0,1.0,846.0,119.0,852.0,3.0
202436,2024-09-07,2024-09-12,region,prairies,5322.0,634.0,2128.0,40.0,16.0,3.0,20.0,39.0,1.0,1949.0,4.0,1217.0,4.0,5.0,3.0,2.0,0.0,1217.0,20.0,1196.0,2.0,1211.0,173.0,1257.0,3.0
202436,2024-09-07,2024-09-12,region,bc,2572.0,484.0,2517.0,35.0,11.0,2.0,2.0,34.0,1.0,2459.0,70.0,621.0,3.0,0.0,5.0,1.0,0.0,621.0,2.0,621.0,9.0,617.0,55.0,617.0,1.0
202436,2024-09-07,2024-09-12,lab,yk,46.0,10.0,24.0,0.0,0.0,0.0,0.0,0.0,0.0,24.0,0.0,,,,,,,,,,,,,,
202436,2024-09-07,2024-09-12,lab,nt,26.0,8.0,26.0,0.0,0.0,0.0,0.0,0.0,0.0,26.0,0.0,,,,,,,26.0,0.0,26.0,0.0,26.0,11.0,,
202436,2024-09-07,2024-09-12,lab,nu,107.0,5.0,82.0,0.0,0.0,0.0,0.0,0.0,0.0,82.0,0.0,,,,,,,,,,,,,,
202436,2024-09-07,2024-09-12,region,territories,179.0,23.0,132.0,0.0,0.0,0.0,0.0,0.0,0.0,132.0,0.0,,,,,,,26.0,0.0,26.0,0.0,26.0,11.0,,
202436,2024-09-07,2024-09-12,nation,ca,26822.0,4792.0,18137.0,106.0,34.0,12.0,37.0,99.0,7.0,16858.0,146.0,7460.0,18.0,11.0,21.0,14.0,47.0,7503.0,65.0,7481.0,30.0,7567.0,716.0,6123.0,31.0
202436,2024-09-07,2024-09-12,lab,nl,511.0,74.0,417.0,0.0,0.0,0.0,0.0,0.0,0.0,417.0,0.0,417.0,3.0,0.0,0.0,4.0,0.0,417.0,4.0,417.0,2.0,417.0,46.0,417.0,1.0
202436,2024-09-07,2024-09-12,lab,pe,65.0,14.0,38.0,0.0,0.0,0.0,0.0,0.0,0.0,38.0,0.0,11.0,0.0,0.0,0.0,0.0,0.0,11.0,1.0,11.0,0.0,11.0,4.0,11.0,0.0
202436,2024-09-07,2024-09-12,lab,ns,1205.0,228.0,1162.0,2.0,0.0,0.0,2.0,2.0,0.0,1115.0,0.0,44.0,0.0,0.0,0.0,0.0,0.0,44.0,0.0,44.0,0.0,44.0,7.0,44.0,0.0
202436,2024-09-07,2024-09-12,lab,nb,1064.0,176.0,648.0,0.0,0.0,0.0,0.0,0.0,0.0,648.0,0.0,105.0,0.0,0.0,0.0,0.0,0.0,105.0,3.0,105.0,0.0,105.0,16.0,105.0,1.0
202436,2024-09-07,2024-09-12,region,atlantic,2845.0,492.0,2265.0,2.0,0.0,0.0,2.0,2.0,0.0,2218.0,0.0,577.0,3.0,0.0,0.0,4.0,0.0,577.0,8.0,577.0,2.0,577.0,73.0,577.0,2.0
202436,2024-09-07,2024-09-12,lab,région nord-est,1317.0,270.0,1136.0,1.0,0.0,0.0,1.0,1.0,0.0,468.0,4.0,110.0,0.0,0.0,1.0,1.0,0.0,110.0,2.0,96.0,1.0,110.0,24.0,110.0,1.0
202436,2024-09-07,2024-09-12,lab,québec-chaudière-appalaches,1435.0,285.0,1079.0,9.0,0.0,0.0,4.0,4.0,5.0,1078.0,20.0,518.0,3.0,1.0,0.0,1.0,0.0,532.0,11.0,518.0,0.0,540.0,83.0,441.0,16.0
202436,2024-09-07,2024-09-12,lab,centre-du-québec,2251.0,572.0,807.0,1.0,0.0,0.0,1.0,1.0,0.0,590.0,11.0,38.0,0.0,1.0,0.0,0.0,0.0,38.0,1.0,38.0,0.0,38.0,8.0,40.0,1.0
202436,2024-09-07,2024-09-12,lab,montréal-laval,1911.0,377.0,1379.0,10.0,0.0,0.0,10.0,10.0,0.0,1221.0,11.0,711.0,7.0,2.0,3.0,2.0,0.0,711.0,7.0,715.0,2.0,740.0,66.0,711.0,4.0
202436,2024-09-07,2024-09-12,lab,ouest du québec,1400.0,335.0,647.0,2.0,0.0,0.0,2.0,2.0,0.0,646.0,3.0,29.0,0.0,1.0,0.0,0.0,0.0,29.0,0.0,29.0,0.0,26.0,7.0,29.0,0.0
202436,2024-09-07,2024-09-12,lab,montérégie,1419.0,341.0,1031.0,0.0,0.0,0.0,0.0,0.0,0.0,1030.0,10.0,6.0,0.0,0.0,0.0,0.0,0.0,6.0,0.0,6.0,0.0,14.0,1.0,6.0,0.0
202436,2024-09-07,2024-09-12,region,qc,9733.0,2180.0,6079.0,23.0,0.0,0.0,18.0,18.0,5.0,5033.0,59.0,1412.0,10.0,5.0,4.0,4.0,0.0,1426.0,21.0,1402.0,3.0,1468.0,189.0,1337.0,22.0
202436,2024-09-07,2024-09-12,lab,phol - ottawa,115.0,52.0,123.0,0.0,0.0,0.0,0.0,0.0,0.0,123.0,0.0,92.0,0.0,0.0,0.0,0.0,4.0,92.0,0.0,92.0,1.0,92.0,3.0,92.0,2.0
202436,2024-09-07,2024-09-12,lab,eorla,682.0,82.0,425.0,1.0,0.0,0.0,1.0,1.0,0.0,425.0,1.0,58.0,1.0,0.0,2.0,0.0,0.0,58.0,1.0,58.0,0.0,58.0,8.0,58.0,1.0
202436,2024-09-07,2024-09-12,lab,phol - kingston,201.0,129.0,105.0,0.0,0.0,0.0,0.0,0.0,0.0,105.0,0.0,67.0,0.0,0.0,0.0,0.0,0.0,67.0,0.0,67.0,0.0,67.0,0.0,67.0,0.0
202436,2024-09-07,2024-09-12,lab,phol - peterborough,54.0,29.0,93.0,3.0,1.0,1.0,1.0,3.0,0.0,93.0,2.0,58.0,0.0,0.0,0.0,0.0,1.0,58.0,1.0,58.0,0.0,58.0,4.0,58.0,0.0
202436,2024-09-07,2024-09-12,lab,phol - toronto,371.0,121.0,642.0,0.0,2.0,1.0,0.0,0.0,0.0,642.0,0.0,570.0,0.0,0.0,0.0,0.0,29.0,570.0,4.0,570.0,5.0,570.0,55.0,570.0,3.0
202436,2024-09-07,2024-09-12,lab,uhn / mount sinai hospital,867.0,96.0,831.0,2.0,0.0,0.0,2.0,2.0,0.0,831.0,0.0,55.0,0.0,0.0,0.0,0.0,0.0,55.0,0.0,55.0,0.0,55.0,3.0,55.0,0.0
202436,2024-09-07,2024-09-12,lab,sick kids hospital - toronto,,,,,,,,,,,,,,,,,,,,,,,,,
202436,2024-09-07,2024-09-12,lab,shared hospital laboratory,1195.0,109.0,903.0,2.0,0.0,1.0,1.0,2.0,0.0,905.0,4.0,873.0,0.0,0.0,0.0,0.0,6.0,872.0,2.0,898.0,2.0,898.0,32.0,897.0,1.0
202436,2024-09-07,2024-09-12,lab,phol - hamilton,51.0,31.0,69.0,0.0,0.0,0.0,0.0,0.0,0.0,69.0,0.0,62.0,0.0,0.0,0.0,0.0,2.0,62.0,3.0,62.0,0.0,62.0,7.0,62.0,0.0
202436,2024-09-07,2024-09-12,lab,st. joseph's - hamilton,1319.0,121.0,1257.0,1.0,0.0,0.0,1.0,1.0,0.0,1257.0,4.0,1257.0,0.0,0.0,7.0,0.0,0.0,1257.0,1.0,1257.0,1.0,1257.0,70.0,0.0,0.0
202436,2024-09-07,2024-09-12,lab,phol - london,197.0,80.0,181.0,1.0,0.0,1.0,0.0,1.0,0.0,181.0,0.0,151.0,0.0,0.0,0.0,0.0,4.0,151.0,0.0,151.0,0.0,151.0,6.0,151.0,1.0
202436,2024-09-07,2024-09-12,lab,st. joseph's - london,549.0,80.0,48.0,0.0,0.0,0.0,0.0,0.0,0.0,48.0,0.0,49.0,0.0,0.0,0.0,0.0,0.0,49.0,0.0,49.0,0.0,49.0,3.0,49.0,0.0
202436,2024-09-07,2024-09-12,lab,phol - orillia,5.0,4.0,10.0,0.0,0.0,0.0,0.0,0.0,0.0,10.0,0.0,10.0,0.0,0.0,0.0,0.0,0.0,10.0,0.0,10.0,0.0,10.0,0.0,10.0,0.0
202436,2024-09-07,2024-09-12,lab,phol - sudbury,9.0,4.0,10.0,0.0,0.0,0.0,0.0,0.0,0.0,10.0,0.0,7.0,0.0,0.0,0.0,0.0,0.0,7.0,0.0,7.0,0.0,7.0,0.0,7.0,1.0
202436,2024-09-07,2024-09-12,lab,phol - timmins,22.0,4.0,22.0,0.0,0.0,0.0,0.0,0.0,0.0,22.0,0.0,17.0,0.0,0.0,0.0,0.0,0.0,17.0,0.0,17.0,0.0,17.0,1.0,17.0,0.0
202436,2024-09-07,2024-09-12,lab,phol - sault ste. marie,1.0,0.0,3.0,0.0,0.0,0.0,0.0,0.0,0.0,3.0,0.0,3.0,0.0,0.0,0.0,0.0,0.0,3.0,0.0,3.0,0.0,3.0,0.0,3.0,0.0
202436,2024-09-07,2024-09-12,lab,sault area hospital,62.0,3.0,56.0,0.0,0.0,0.0,0.0,0.0,0.0,56.0,0.0,53.0,0.0,0.0,0.0,0.0,0.0,53.0,0.0,53.0,0.0,53.0,5.0,53.0,0.0
202436,2024-09-07,2024-09-12,lab,phol - thunder bay,31.0,10.0,33.0,0.0,0.0,0.0,0.0,0.0,0.0,33.0,0.0,31.0,0.0,0.0,0.0,0.0,5.0,31.0,0.0,31.0,0.0,31.0,0.0,31.0,0.0
202436,2024-09-07,2024-09-12,region,on,5731.0,955.0,4811.0,10.0,3.0,4.0,6.0,10.0,0.0,4813.0,11.0,3413.0,1.0,0.0,9.0,0.0,51.0,3412.0,12.0,3438.0,9.0,3438.0,197.0,2180.0,9.0
202436,2024-09-07,2024-09-12,lab,mb,1136.0,215.0,414.0,1.0,0.0,0.0,1.0,1.0,0.0,414.0,0.0,78.0,3.0,0.0,1.0,2.0,0.0,78.0,2.0,97.0,0.0,78.0,25.0,97.0,0.0
202436,2024-09-07,2024-09-12,lab,sk,1088.0,124.0,764.0,9.0,0.0,0.0,6.0,6.0,3.0,696.0,2.0,281.0,0.0,1.0,0.0,1.0,0.0,281.0,3.0,281.0,0.0,281.0,52.0,281.0,2.0
202436,2024-09-07,2024-09-12,lab,ab,3214.0,387.0,867.0,4.0,3.0,1.0,0.0,4.0,0.0,765.0,1.0,765.0,2.0,3.0,2.0,0.0,0.0,763.0,7.0,725.0,0.0,756.0,82.0,765.0,2.0
202436,2024-09-07,2024-09-12,region,prairies,5438.0,726.0,2045.0,14.0,3.0,1.0,7.0,11.0,3.0,1875.0,3.0,1124.0,5.0,4.0,3.0,3.0,0.0,1122.0,12.0,1103.0,0.0,1115.0,159.0,1143.0,4.0
202436,2024-09-07,2024-09-12,region,bc,2007.0,379.0,2656.0,41.0,7.0,3.0,3.0,41.0,0.0,2223.0,2.0,690.0,1.0,1.0,3.0,6.0,0.0,690.0,9.0,690.0,2.0,687.0,84.0,687.0,0.0
202436,2024-09-07,2024-09-12,lab,yk,33.0,5.0,24.0,0.0,0.0,0.0,0.0,0.0,0.0,24.0,0.0,,,,,,,,,,,,,,
202436,2024-09-07,2024-09-12,lab,nt,42.0,10.0,42.0,0.0,0.0,0.0,0.0,0.0,0.0,42.0,0.0,,,,,,,42.0,0.0,42.0,0.0,42.0,16.0,,
202436,2024-09-07,2024-09-12,lab,nu,91.0,5.0,80.0,1.0,0.0,1.0,0.0,1.0,0.0,80.0,0.0,,,,,,,,,,,,,,
202436,2024-09-07,2024-09-12,region,territories,166.0,20.0,146.0,1.0,0.0,1.0,0.0,1.0,0.0,146.0,0.0,,,,,,,42.0,0.0,42.0,0.0,42.0,16.0,,
202436,2024-09-07,2024-09-12,nation,ca,25920.0,4752.0,18002.0,91.0,13.0,9.0,36.0,83.0,8.0,16308.0,75.0,7216.0,20.0,10.0,19.0,17.0,51.0,7269.0,62.0,7252.0,16.0,7327.0,718.0,5924.0,37.0
202437,2024-09-14,2024-09-19,lab,nl,523.0,69.0,413.0,0.0,0.0,0.0,0.0,0.0,0.0,413.0,0.0,413.0,2.0,0.0,1.0,3.0,0.0,413.0,9.0,413.0,1.0,413.0,28.0,413.0,2.0
202437,2024-09-14,2024-09-19,lab,pe,139.0,22.0,41.0,0.0,0.0,0.0,0.0,0.0,0.0,41.0,1.0,20.0,1.0,0.0,1.0,0.0,0.0,20.0,0.0,20.0,0.0,20.0,7.0,20.0,0.0
202437,2024-09-14,2024-09-19,lab,ns,1198.0,247.0,1143.0,2.0,0.0,0.0,1.0,1.0,1.0,1047.0,0.0,44.0,0.0,0.0,0.0,0.0,0.0,44.0,0.0,44.0,0.0,44.0,10.0,44.0,0.0
202437,2024-09-14,2024-09-19,lab,nb,1073.0,180.0,645.0,0.0,0.0,0.0,0.0,0.0,0.0,645.0,1.0,99.0,0.0,0.0,0.0,0.0,0.0,99.0,1.0,99.0,0.0,99.0,12.0,99.0,1.0
202437,2024-09-14,2024-09-19,region,atlantic,2933.0,518.0,2242.0,2.0,0.0,0.0,1.0,1.0,1.0,2146.0,2.0,576.0,3.0,0.0,2.0,3.0,0.0,576.0,10.0,576.0,1.0,576.0,57.0,576.0,3.0
202437,2024-09-14,2024-09-19,lab,région nord-est,1271.0,235.0,1060.0,0.0,0.0,0.0,0.0,0.0,0.0,465.0,0.0,132.0,0.0,0.0,2.0,0.0,0.0,132.0,1.0,121.0,2.0,132.0,21.0,132.0,1.0
202437,2024-09-14,2024-09-19,lab,québec-chaudière-appalaches,1512.0,288.0,1109.0,3.0,0.0,0.0,2.0,2.0,1.0,1109.0,11.0,513.0,3.0,0.0,0.0,2.0,0.0,530.0,13.0,515.0,8.0,546.0,77.0,456.0,10.0
202437,2024-09-14,2024-09-19,lab,centre-du-québec,2178.0,570.0,694.0,0.0,0.0,0.0,0.0,0.0,0.0,476.0,5.0,29.0,0.0,0.0,0.0,0.0,0.0,29.0,0.0,29.0,0.0,29.0,5.0,30.0,1.0
202437,2024-09-14,2024-09-19,lab,montréal-laval,1882.0,424.0,1401.0,3.0,0.0,0.0,2.0,2.0,1.0,1268.0,26.0,746.0,4.0,6.0,4.0,4.0,0.0,746.0,6.0,747.0,1.0,773.0,70.0,746.0,4.0
202437,2024-09-14,2024-09-19,lab,ouest du québec,1262.0,319.0,650.0,2.0,0.0,0.0,2.0,2.0,0.0,650.0,10.0,28.0,1.0,0.0,0.0,0.0,0.0,28.0,1.0,28.0,0.0,28.0,10.0,28.0,0.0
202437,2024-09-14,2024-09-19,lab,montérégie,1335.0,311.0,1130.0,1.0,0.0,0.0,1.0,1.0,0.0,1130.0,5.0,8.0,0.0,0.0,0.0,0.0,0.0,8.0,0.0,8.0,0.0,15.0,1.0,8.0,0.0
202437,2024-09-14,2024-09-19,region,qc,9440.0,2147.0,6044.0,9.0,0.0,0.0,7.0,7.0,2.0,5098.0,57.0,1456.0,8.0,6.0,6.0,6.0,0.0,1473.0,21.0,1448.0,11.0,1523.0,184.0,1400.0,16.0
202437,2024-09-14,2024-09-19,lab,phol - ottawa,148.0,80.0,105.0,0.0,0.0,0.0,0.0,0.0,0.0,105.0,0.0,56.0,0.0,0.0,0.0,0.0,4.0,56.0,0.0,56.0,0.0,56.0,3.0,56.0,0.0
202437,2024-09-14,2024-09-19,lab,eorla,802.0,85.0,383.0,0.0,0.0,0.0,0.0,0.0,0.0,383.0,2.0,29.0,0.0,0.0,0.0,0.0,0.0,29.0,0.0,29.0,0.0,29.0,6.0,29.0,0.0
202437,2024-09-14,2024-09-19,lab,phol - kingston,260.0,106.0,149.0,0.0,0.0,0.0,0.0,0.0,0.0,149.0,1.0,63.0,0.0,0.0,0.0,0.0,0.0,63.0,0.0,63.0,0.0,63.0,0.0,63.0,1.0
202437,2024-09-14,2024-09-19,lab,phol - peterborough,68.0,35.0,73.0,0.0,0.0,0.0,0.0,0.0,0.0,73.0,2.0,40.0,0.0,0.0,0.0,0.0,1.0,40.0,0.0,40.0,0.0,40.0,1.0,40.0,1.0
202437,2024-09-14,2024-09-19,lab,phol - toronto,364.0,84.0,629.0,4.0,6.0,1.0,0.0,4.0,0.0,629.0,0.0,583.0,0.0,0.0,0.0,0.0,24.0,583.0,6.0,583.0,7.0,583.0,76.0,583.0,3.0
202437,2024-09-14,2024-09-19,lab,uhn / mount sinai hospital,936.0,79.0,903.0,2.0,0.0,0.0,1.0,1.0,1.0,903.0,0.0,87.0,0.0,0.0,2.0,1.0,0.0,87.0,0.0,87.0,0.0,87.0,6.0,87.0,0.0
202437,2024-09-14,2024-09-19,lab,sick kids hospital - toronto,,,,,,,,,,,,,,,,,,,,,,,,,
202437,2024-09-14,2024-09-19,lab,shared hospital laboratory,1427.0,164.0,1006.0,2.0,1.0,0.0,1.0,2.0,0.0,1006.0,4.0,980.0,0.0,0.0,0.0,0.0,11.0,980.0,2.0,1004.0,0.0,1004.0,39.0,1004.0,1.0
202437,2024-09-14,2024-09-19,lab,phol - hamilton,48.0,10.0,46.0,7.0,0.0,7.0,0.0,7.0,0.0,46.0,0.0,40.0,0.0,0.0,0.0,0.0,1.0,40.0,1.0,40.0,0.0,40.0,5.0,40.0,0.0
202437,2024-09-14,2024-09-19,lab,st. joseph's - hamilton,1443.0,148.0,1341.0,4.0,0.0,0.0,4.0,4.0,0.0,1341.0,3.0,1341.0,0.0,0.0,3.0,0.0,0.0,1341.0,0.0,1341.0,0.0,1341.0,75.0,0.0,0.0
202437,2024-09-14,2024-09-19,lab,phol - london,231.0,86.0,221.0,0.0,0.0,0.0,0.0,0.0,0.0,221.0,0.0,185.0,0.0,0.0,0.0,0.0,3.0,185.0,1.0,185.0,0.0,185.0,11.0,185.0,1.0
202437,2024-09-14,2024-09-19,lab,st. joseph's - london,490.0,77.0,69.0,1.0,0.0,0.0,0.0,0.0,1.0,69.0,1.0,68.0,0.0,0.0,0.0,0.0,0.0,68.0,1.0,68.0,0.0,68.0,6.0,68.0,1.0
202437,2024-09-14,2024-09-19,lab,phol - orillia,21.0,13.0,16.0,0.0,0.0,0.0,0.0,0.0,0.0,16.0,0.0,15.0,0.0,0.0,0.0,0.0,0.0,15.0,0.0,15.0,0.0,15.0,2.0,15.0,0.0
202437,2024-09-14,2024-09-19,lab,phol - sudbury,11.0,1.0,16.0,0.0,0.0,0.0,0.0,0.0,0.0,16.0,0.0,11.0,0.0,0.0,0.0,0.0,0.0,11.0,0.0,11.0,0.0,11.0,1.0,11.0,0.0
202437,2024-09-14,2024-09-19,lab,phol - timmins,28.0,4.0,25.0,0.0,0.0,0.0,0.0,0.0,0.0,25.0,0.0,10.0,0.0,0.0,0.0,0.0,0.0,10.0,1.0,10.0,0.0,10.0,1.0,10.0,0.0
202437,2024-09-14,2024-09-19,lab,phol - sault ste. marie,3.0,0.0,5.0,0.0,0.0,0.0,0.0,0.0,0.0,5.0,0.0,5.0,0.0,0.0,0.0,0.0,1.0,5.0,0.0,5.0,0.0,5.0,0.0,5.0,0.0
202437,2024-09-14,2024-09-19,lab,sault area hospital,76.0,8.0,64.0,0.0,0.0,0.0,0.0,0.0,0.0,64.0,0.0,56.0,0.0,0.0,0.0,1.0,0.0,56.0,0.0,56.0,0.0,56.0,3.0,56.0,0.0
202437,2024-09-14,2024-09-19,lab,phol - thunder bay,20.0,6.0,21.0,0.0,0.0,0.0,0.0,0.0,0.0,21.0,0.0,21.0,0.0,0.0,0.0,0.0,2.0,21.0,0.0,21.0,0.0,21.0,1.0,21.0,0.0
202437,2024-09-14,2024-09-19,region,on,6376.0,986.0,5072.0,20.0,7.0,8.0,6.0,18.0,2.0,5072.0,13.0,3590.0,0.0,0.0,5.0,2.0,47.0,3590.0,12.0,3614.0,7.0,3614.0,236.0,2273.0,8.0
202437,2024-09-14,2024-09-19,lab,mb,1095.0,188.0,321.0,0.0,0.0,0.0,0.0,0.0,0.0,321.0,1.0,43.0,1.0,0.0,2.0,0.0,0.0,43.0,1.0,83.0,0.0,43.0,11.0,83.0,0.0
202437,2024-09-14,2024-09-19,lab,sk,1092.0,132.0,868.0,32.0,14.0,0.0,17.0,31.0,1.0,776.0,2.0,322.0,0.0,1.0,0.0,1.0,0.0,322.0,10.0,322.0,1.0,322.0,43.0,322.0,0.0
202437,2024-09-14,2024-09-19,lab,ab,3142.0,321.0,939.0,8.0,5.0,3.0,0.0,8.0,0.0,852.0,1.0,852.0,3.0,4.0,1.0,1.0,0.0,852.0,9.0,791.0,1.0,846.0,119.0,852.0,3.0
202437,2024-09-14,2024-09-19,region,prairies,5329.0,641.0,2128.0,40.0,19.0,3.0,17.0,39.0,1.0,1949.0,4.0,1217.0,4.0,5.0,3.0,2.0,0.0,1217.0,20.0,1196.0,2.0,1211.0,173.0,1257.0,3.0
202437,2024-09-14,2024-09-19,region,bc,2573.0,484.0,2517.0,35.0,11.0,2.0,2.0,34.0,1.0,2517.0,12.0,621.0,3.0,0.0,5.0,1.0,0.0,621.0,2.0,621.0,9.0,617.0,55.0,617.0,1.0
202437,2024-09-14,2024-09-19,lab,yk,46.0,10.0,24.0,0.0,0.0,0.0,0.0,0.0,0.0,24.0,0.0,,,,,,,,,,,,,,
202437,2024-09-14,2024-09-19,lab,nt,26.0,8.0,26.0,0.0,0.0,0.0,0.0,0.0,0.0,26.0,0.0,,,,,,,26.0,0.0,26.0,0.0,26.0,11.0,,
202437,2024-09-14,2024-09-19,lab,nu,107.0,5.0,82.0,0.0,0.0,0.0,0.0,0.0,0.0,82.0,0.0,,,,,,,,,,,,,,
202437,2024-09-14,2024-09-19,region,territories,179.0,23.0,132.0,0.0,0.0,0.0,0.0,0.0,0.0,132.0,0.0,,,,,,,26.0,0.0,26.0,0.0,26.0,11.0,,
202437,2024-09-14,2024-09-19,nation,ca,26830.0,4799.0,18135.0,106.0,37.0,13.0,33.0,99.0,7.0,16914.0,88.0,7460.0,18.0,11.0,21.0,14.0,47.0,7503.0,65.0,7481.0,30.0,7567.0,716.0,6123.0,31.0
202437,2024-09-14,2024-09-19,lab,nl,511.0,74.0,417.0,0.0,0.0,0.0,0.0,0.0,0.0,417.0,0.0,417.0,3.0,0.0,0.0,4.0,0.0,417.0,4.0,417.0,2.0,417.0,46.0,417.0,1.0
202437,2024-09-14,2024-09-19,lab,pe,123.0,25.0,38.0,0.0,0.0,0.0,0.0,0.0,0.0,38.0,0.0,11.0,0.0,0.0,0.0,0.0,0.0,11.0,1.0,11.0,0.0,11.0,4.0,11.0,0.0
202437,2024-09-14,2024-09-19,lab,ns,1205.0,228.0,1162.0,2.0,0.0,0.0,2.0,2.0,0.0,1115.0,0.0,44.0,0.0,0.0,0.0,0.0,0.0,44.0,0.0,44.0,0.0,44.0,7.0,44.0,0.0
202437,2024-09-14,2024-09-19,lab,nb,1064.0,176.0,648.0,0.0,0.0,0.0,0.0,0.0,0.0,648.0,0.0,105.0,0.0,0.0,0.0,0.0,0.0,105.0,3.0,105.0,0.0,105.0,16.0,105.0,1.0
202437,2024-09-14,2024-09-19,region,atlantic,2903.0,503.0,2265.0,2.0,0.0,0.0,2.0,2.0,0.0,2218.0,0.0,577.0,3.0,0.0,0.0,4.0,0.0,577.0,8.0,577.0,2.0,577.0,73.0,577.0,2.0
202437,2024-09-14,2024-09-19,lab,région nord-est,1318.0,271.0,1140.0,1.0,0.0,0.0,1.0,1.0,0.0,472.0,4.0,112.0,0.0,0.0,1.0,1.0,0.0,112.0,2.0,98.0,1.0,112.0,24.0,112.0,1.0
202437,2024-09-14,2024-09-19,lab,québec-chaudière-appalaches,1436.0,286.0,1066.0,8.0,0.0,0.0,4.0,4.0,4.0,1065.0,20.0,509.0,3.0,1.0,0.0,1.0,0.0,526.0,12.0,509.0,0.0,531.0,83.0,434.0,15.0
202437,2024-09-14,2024-09-19,lab,centre-du-québec,2251.0,572.0,806.0,1.0,0.0,0.0,1.0,1.0,0.0,589.0,11.0,38.0,0.0,1.0,0.0,0.0,0.0,38.0,1.0,38.0,0.0,38.0,8.0,40.0,1.0
202437,2024-09-14,2024-09-19,lab,montréal-laval,1911.0,377.0,1388.0,10.0,0.0,0.0,10.0,10.0,0.0,1228.0,11.0,718.0,7.0,2.0,3.0,2.0,0.0,718.0,7.0,722.0,2.0,748.0,66.0,718.0,4.0
202437,2024-09-14,2024-09-19,lab,ouest du québec,1397.0,334.0,647.0,2.0,0.0,0.0,2.0,2.0,0.0,646.0,3.0,29.0,0.0,1.0,0.0,0.0,0.0,29.0,0.0,29.0,0.0,26.0,7.0,29.0,0.0
202437,2024-09-14,2024-09-19,lab,montérégie,1419.0,341.0,1031.0,0.0,0.0,0.0,0.0,0.0,0.0,1030.0,10.0,6.0,0.0,0.0,0.0,0.0,0.0,6.0,0.0,6.0,0.0,14.0,1.0,6.0,0.0
202437,2024-09-14,2024-09-19,region,qc,9732.0,2181.0,6078.0,22.0,0.0,0.0,18.0,18.0,4.0,5030.0,59.0,1412.0,10.0,5.0,4.0,4.0,0.0,1429.0,22.0,1402.0,3.0,1469.0,189.0,1339.0,21.0
202437,2024-09-14,2024-09-19,lab,phol - ottawa,115.0,52.0,123.0,0.0,0.0,0.0,0.0,0.0,0.0,123.0,0.0,92.0,0.0,0.0,0.0,0.0,4.0,92.0,0.0,92.0,1.0,92.0,3.0,92.0,2.0
202437,2024-09-14,2024-09-19,lab,eorla,682.0,82.0,425.0,1.0,0.0,0.0,1.0,1.0,0.0,425.0,1.0,58.0,1.0,0.0,2.0,0.0,0.0,58.0,1.0,58.0,0.0,58.0,8.0,58.0,1.0
202437,2024-09-14,2024-09-19,lab,phol - kingston,201.0,129.0,105.0,0.0,0.0,0.0,0.0,0.0,0.0,105.0,0.0,67.0,0.0,0.0,0.0,0.0,0.0,67.0,0.0,67.0,0.0,67.0,0.0,67.0,0.0
202437,2024-09-14,2024-09-19,lab,phol - peterborough,54.0,29.0,93.0,3.0,1.0,1.0,1.0,3.0,0.0,93.0,2.0,58.0,0.0,0.0,0.0,0.0,1.0,58.0,1.0,58.0,0.0,58.0,4.0,58.0,0.0
202437,2024-09-14,2024-09-19,lab,phol - toronto,371.0,121.0,642.0,0.0,2.0,1.0,0.0,0.0,0.0,642.0,0.0,570.0,0.0,0.0,0.0,0.0,29.0,570.0,4.0,570.0,5.0,570.0,55.0,570.0,3.0
202437,2024-09-14,2024-09-19,lab,uhn / mount sinai hospital,867.0,96.0,831.0,2.0,0.0,0.0,2.0,2.0,0.0,831.0,0.0,55.0,0.0,0.0,0.0,0.0,0.0,55.0,0.0,55.0,0.0,55.0,3.0,55.0,0.0
202437,2024-09-14,2024-09-19,lab,sick kids hospital - toronto,,,,,,,,,,,,,,,,,,,,,,,,,
202437,2024-09-14,2024-09-19,lab,shared hospital laboratory,1193.0,109.0,902.0,1.0,0.0,1.0,0.0,1.0,0.0,904.0,4.0,872.0,0.0,0.0,0.0,0.0,6.0,871.0,2.0,897.0,2.0,897.0,32.0,896.0,1.0
202437,2024-09-14,2024-09-19,lab,phol - hamilton,51.0,31.0,69.0,0.0,0.0,0.0,0.0,0.0,0.0,69.0,0.0,62.0,0.0,0.0,0.0,0.0,2.0,62.0,3.0,62.0,0.0,62.0,7.0,62.0,0.0
202437,2024-09-14,2024-09-19,lab,st. joseph's - hamilton,1319.0,121.0,1257.0,1.0,0.0,0.0,1.0,1.0,0.0,1257.0,4.0,1257.0,0.0,0.0,7.0,0.0,0.0,1257.0,1.0,1257.0,1.0,1257.0,70.0,0.0,0.0
202437,2024-09-14,2024-09-19,lab,phol - london,197.0,80.0,181.0,1.0,0.0,1.0,0.0,1.0,0.0,181.0,0.0,151.0,0.0,0.0,0.0,0.0,4.0,151.0,0.0,151.0,0.0,151.0,6.0,151.0,1.0
202437,2024-09-14,2024-09-19,lab,st. joseph's - london,549.0,80.0,48.0,0.0,0.0,0.0,0.0,0.0,0.0,48.0,0.0,49.0,0.0,0.0,0.0,0.0,0.0,49.0,0.0,49.0,0.0,49.0,3.0,49.0,0.0
202437,2024-09-14,2024-09-19,lab,phol - orillia,5.0,4.0,10.0,0.0,0.0,0.0,0.0,0.0,0.0,10.0,0.0,10.0,0.0,0.0,0.0,0.0,0.0,10.0,0.0,10.0,0.0,10.0,0.0,10.0,0.0
202437,2024-09-14,2024-09-19,lab,phol - sudbury,9.0,4.0,10.0,0.0,0.0,0.0,0.0,0.0,0.0,10.0,0.0,7.0,0.0,0.0,0.0,0.0,0.0,7.0,0.0,7.0,0.0,7.0,0.0,7.0,1.0
202437,2024-09-14,2024-09-19,lab,phol - timmins,22.0,4.0,22.0,0.0,0.0,0.0,0.0,0.0,0.0,22.0,0.0,17.0,0.0,0.0,0.0,0.0,0.0,17.0,0.0,17.0,0.0,17.0,1.0,17.0,0.0
202437,2024-09-14,2024-09-19,lab,phol - sault ste. marie,1.0,0.0,3.0,0.0,0.0,0.0,0.0,0.0,0.0,3.0,0.0,3.0,0.0,0.0,0.0,0.0,0.0,3.0,0.0,3.0,0.0,3.0,0.0,3.0,0.0
202437,2024-09-14,2024-09-19,lab,sault area hospital,62.0,3.0,56.0,0.0,0.0,0.0,0.0,0.0,0.0,56.0,0.0,53.0,0.0,0.0,0.0,0.0,0.0,53.0,0.0,53.0,0.0,53.0,5.0,53.0,0.0
202437,2024-09-14,2024-09-19,lab,phol - thunder bay,31.0,10.0,33.0,0.0,0.0,0.0,0.0,0.0,0.0,33.0,0.0,31.0,0.0,0.0,0.0,0.0,5.0,31.0,0.0,31.0,0.0,31.0,0.0,31.0,0.0
202437,2024-09-14,2024-09-19,region,on,5729.0,955.0,4810.0,9.0,3.0,4.0,5.0,9.0,0.0,4812.0,11.0,3412.0,1.0,0.0,9.0,0.0,51.0,3411.0,12.0,3437.0,9.0,3437.0,197.0,2179.0,9.0
202437,2024-09-14,2024-09-19,lab,mb,1136.0,215.0,414.0,1.0,0.0,0.0,1.0,1.0,0.0,414.0,0.0,78.0,3.0,0.0,1.0,2.0,0.0,78.0,2.0,97.0,0.0,78.0,25.0,97.0,0.0
202437,2024-09-14,2024-09-19,lab,sk,1141.0,152.0,828.0,7.0,0.0,0.0,5.0,5.0,2.0,759.0,1.0,322.0,1.0,1.0,0.0,1.0,0.0,322.0,3.0,322.0,0.0,322.0,60.0,322.0,2.0
202437,2024-09-14,2024-09-19,lab,ab,3292.0,395.0,1008.0,5.0,4.0,1.0,0.0,5.0,0.0,885.0,1.0,885.0,2.0,3.0,3.0,0.0,0.0,883.0,7.0,832.0,0.0,874.0,98.0,885.0,2.0
202437,2024-09-14,2024-09-19,region,prairies,5569.0,762.0,2250.0,13.0,4.0,1.0,6.0,11.0,2.0,2058.0,2.0,1285.0,6.0,4.0,4.0,3.0,0.0,1283.0,12.0,1251.0,0.0,1274.0,183.0,1304.0,4.0
202437,2024-09-14,2024-09-19,region,bc,2808.0,535.0,2683.0,41.0,16.0,6.0,3.0,41.0,0.0,2709.0,2.0,715.0,1.0,1.0,3.0,7.0,0.0,715.0,9.0,715.0,4.0,712.0,86.0,712.0,0.0
202437,2024-09-14,2024-09-19,lab,yk,33.0,6.0,24.0,0.0,0.0,0.0,0.0,0.0,0.0,24.0,0.0,,,,,,,,,,,,,,
202437,2024-09-14,2024-09-19,lab,nt,42.0,10.0,42.0,0.0,0.0,0.0,0.0,0.0,0.0,42.0,0.0,,,,,,,42.0,0.0,42.0,0.0,42.0,16.0,,
202437,2024-09-14,2024-09-19,lab,nu,91.0,5.0,80.0,1.0,0.0,1.0,0.0,1.0,0.0,80.0,0.0,,,,,,,,,,,,,,
202437,2024-09-14,2024-09-19,region,territories,166.0,21.0,146.0,1.0,0.0,1.0,0.0,1.0,0.0,146.0,0.0,,,,,,,42.0,0.0,42.0,0.0,42.0,16.0,,
202437,2024-09-14,2024-09-19,nation,ca,26907.0,4957.0,18232.0,88.0,23.0,12.0,34.0,82.0,6.0,16973.0,74.0,7401.0,21.0,10.0,20.0,18.0,51.0,7457.0,63.0,7424.0,18.0,7511.0,744.0,6111.0,36.0
202437,2024-09-14,2024-09-19,lab,nl,566.0,89.0,478.0,0.0,0.0,0.0,0.0,0.0,0.0,478.0,0.0,478.0,0.0,0.0,0.0,8.0,0.0,478.0,6.0,478.0,1.0,478.0,74.0,478.0,0.0
202437,2024-09-14,2024-09-19,lab,pe,130.0,16.0,42.0,0.0,0.0,0.0,0.0,0.0,0.0,42.0,0.0,16.0,0.0,0.0,0.0,0.0,0.0,16.0,1.0,16.0,0.0,16.0,7.0,16.0,1.0
202437,2024-09-14,2024-09-19,lab,ns,1326.0,239.0,1253.0,1.0,0.0,0.0,1.0,1.0,0.0,1166.0,1.0,54.0,0.0,0.0,0.0,0.0,0.0,54.0,2.0,54.0,0.0,54.0,14.0,64.0,0.0
202437,2024-09-14,2024-09-19,lab,nb,1158.0,198.0,776.0,0.0,0.0,0.0,0.0,0.0,0.0,776.0,0.0,150.0,0.0,0.0,0.0,0.0,0.0,150.0,3.0,150.0,0.0,150.0,26.0,150.0,3.0
202437,2024-09-14,2024-09-19,region,atlantic,3180.0,542.0,2549.0,1.0,0.0,0.0,1.0,1.0,0.0,2462.0,1.0,698.0,0.0,0.0,0.0,8.0,0.0,698.0,12.0,698.0,1.0,698.0,121.0,708.0,4.0
202437,2024-09-14,2024-09-19,lab,région nord-est,1643.0,368.0,1393.0,0.0,0.0,0.0,0.0,0.0,0.0,585.0,1.0,116.0,1.0,1.0,0.0,0.0,0.0,116.0,2.0,109.0,0.0,116.0,28.0,116.0,1.0
202437,2024-09-14,2024-09-19,lab,québec-chaudière-appalaches,1784.0,344.0,1194.0,3.0,0.0,0.0,1.0,1.0,2.0,1194.0,6.0,601.0,0.0,1.0,0.0,0.0,0.0,614.0,9.0,601.0,1.0,626.0,114.0,542.0,10.0
202437,2024-09-14,2024-09-19,lab,centre-du-québec,2126.0,521.0,750.0,0.0,0.0,0.0,0.0,0.0,0.0,523.0,15.0,24.0,0.0,0.0,0.0,0.0,0.0,24.0,1.0,24.0,0.0,24.0,8.0,25.0,2.0
202437,2024-09-14,2024-09-19,lab,montréal-laval,2144.0,403.0,1488.0,3.0,0.0,0.0,3.0,3.0,0.0,1305.0,25.0,813.0,7.0,6.0,4.0,1.0,0.0,813.0,3.0,813.0,0.0,842.0,91.0,813.0,9.0
202437,2024-09-14,2024-09-19,lab,ouest du québec,1590.0,406.0,770.0,4.0,0.0,0.0,3.0,3.0,1.0,770.0,7.0,18.0,0.0,0.0,0.0,0.0,0.0,18.0,1.0,18.0,0.0,18.0,7.0,18.0,1.0
202437,2024-09-14,2024-09-19,lab,montérégie,1299.0,324.0,1267.0,0.0,0.0,0.0,0.0,0.0,0.0,1267.0,17.0,2.0,0.0,0.0,0.0,0.0,0.0,2.0,0.0,2.0,0.0,9.0,0.0,2.0,0.0
202437,2024-09-14,2024-09-19,region,qc,10586.0,2366.0,6862.0,10.0,0.0,0.0,7.0,7.0,3.0,5644.0,71.0,1574.0,8.0,8.0,4.0,1.0,0.0,1587.0,16.0,1567.0,1.0,1635.0,248.0,1516.0,23.0
202437,2024-09-14,2024-09-19,lab,phol - ottawa,196.0,85.0,115.0,1.0,0.0,1.0,0.0,1.0,0.0,115.0,0.0,78.0,0.0,0.0,0.0,0.0,6.0,78.0,0.0,78.0,0.0,78.0,6.0,78.0,0.0
202437,2024-09-14,2024-09-19,lab,eorla,777.0,93.0,469.0,0.0,0.0,0.0,0.0,0.0,0.0,469.0,7.0,39.0,0.0,0.0,0.0,0.0,0.0,39.0,0.0,39.0,0.0,39.0,6.0,39.0,0.0
202437,2024-09-14,2024-09-19,lab,phol - kingston,217.0,86.0,100.0,0.0,0.0,0.0,0.0,0.0,0.0,100.0,0.0,64.0,0.0,0.0,0.0,0.0,0.0,64.0,0.0,64.0,0.0,64.0,20.0,64.0,0.0
202437,2024-09-14,2024-09-19,lab,phol - peterborough,48.0,19.0,86.0,0.0,0.0,0.0,0.0,0.0,0.0,86.0,2.0,52.0,0.0,0.0,0.0,0.0,1.0,52.0,0.0,52.0,0.0,52.0,5.0,52.0,0.0
202437,2024-09-14,2024-09-19,lab,phol - toronto,671.0,228.0,822.0,2.0,3.0,4.0,0.0,2.0,0.0,822.0,0.0,710.0,0.0,0.0,0.0,0.0,19.0,710.0,4.0,710.0,1.0,710.0,95.0,710.0,6.0
202437,2024-09-14,2024-09-19,lab,uhn / mount sinai hospital,896.0,84.0,761.0,1.0,0.0,0.0,1.0,1.0,0.0,761.0,1.0,68.0,1.0,1.0,1.0,0.0,0.0,68.0,0.0,68.0,0.0,68.0,4.0,68.0,0.0
202437,2024-09-14,2024-09-19,lab,sick kids hospital - toronto,,,,,,,,,,,,,,,,,,,,,,,,,
202437,2024-09-14,2024-09-19,lab,shared hospital laboratory,1294.0,149.0,976.0,6.0,4.0,1.0,1.0,6.0,0.0,977.0,8.0,953.0,0.0,0.0,0.0,0.0,9.0,953.0,3.0,976.0,1.0,976.0,68.0,976.0,1.0
202437,2024-09-14,2024-09-19,lab,phol - hamilton,123.0,53.0,137.0,0.0,0.0,0.0,0.0,0.0,0.0,137.0,0.0,93.0,0.0,0.0,0.0,0.0,5.0,93.0,0.0,93.0,1.0,93.0,11.0,93.0,0.0
202437,2024-09-14,2024-09-19,lab,st. joseph's - hamilton,1526.0,176.0,1383.0,8.0,0.0,0.0,8.0,8.0,0.0,1383.0,6.0,1383.0,0.0,0.0,0.0,0.0,0.0,1383.0,5.0,1383.0,2.0,1383.0,121.0,0.0,0.0
202437,2024-09-14,2024-09-19,lab,phol - london,400.0,165.0,397.0,0.0,0.0,1.0,0.0,0.0,0.0,397.0,0.0,330.0,0.0,0.0,0.0,0.0,4.0,330.0,3.0,330.0,0.0,330.0,28.0,330.0,1.0
202437,2024-09-14,2024-09-19,lab,st. joseph's - london,577.0,98.0,56.0,1.0,0.0,0.0,1.0,1.0,0.0,56.0,0.0,56.0,0.0,0.0,0.0,0.0,0.0,56.0,1.0,56.0,1.0,56.0,6.0,46.0,1.0
202437,2024-09-14,2024-09-19,lab,phol - orillia,25.0,18.0,20.0,0.0,0.0,0.0,0.0,0.0,0.0,20.0,0.0,9.0,0.0,0.0,0.0,0.0,0.0,9.0,0.0,9.0,0.0,9.0,2.0,9.0,0.0
202437,2024-09-14,2024-09-19,lab,phol - sudbury,8.0,4.0,9.0,0.0,0.0,0.0,0.0,0.0,0.0,9.0,0.0,6.0,0.0,0.0,0.0,0.0,0.0,6.0,0.0,6.0,0.0,6.0,0.0,6.0,0.0
202437,2024-09-14,2024-09-19,lab,phol - timmins,37.0,13.0,39.0,0.0,0.0,0.0,0.0,0.0,0.0,39.0,0.0,28.0,0.0,0.0,0.0,0.0,2.0,28.0,0.0,28.0,0.0,28.0,5.0,28.0,0.0
202437,2024-09-14,2024-09-19,lab,phol - sault ste. marie,2.0,0.0,8.0,0.0,0.0,0.0,0.0,0.0,0.0,8.0,0.0,8.0,0.0,0.0,0.0,0.0,0.0,8.0,0.0,8.0,0.0,8.0,0.0,8.0,0.0
202437,2024-09-14,2024-09-19,lab,sault area hospital,78.0,5.0,73.0,0.0,0.0,0.0,0.0,0.0,0.0,73.0,0.0,63.0,0.0,0.0,0.0,0.0,0.0,63.0,0.0,63.0,0.0,63.0,3.0,63.0,1.0
202437,2024-09-14,2024-09-19,lab,phol - thunder bay,46.0,10.0,42.0,0.0,0.0,0.0,0.0,0.0,0.0,42.0,0.0,32.0,0.0,0.0,0.0,0.0,0.0,32.0,0.0,32.0,0.0,32.0,2.0,32.0,0.0
202437,2024-09-14,2024-09-19,region,on,6921.0,1286.0,5493.0,19.0,7.0,7.0,11.0,19.0,0.0,5494.0,24.0,3972.0,1.0,1.0,1.0,0.0,46.0,3972.0,16.0,3995.0,6.0,3995.0,382.0,2602.0,10.0
202437,2024-09-14,2024-09-19,lab,mb,1118.0,183.0,424.0,3.0,0.0,0.0,3.0,3.0,0.0,424.0,0.0,80.0,1.0,0.0,1.0,1.0,0.0,80.0,1.0,100.0,0.0,80.0,21.0,100.0,1.0
202437,2024-09-14,2024-09-19,lab,sk,1271.0,157.0,859.0,9.0,0.0,0.0,7.0,7.0,2.0,769.0,4.0,300.0,0.0,3.0,1.0,0.0,0.0,300.0,1.0,300.0,0.0,300.0,45.0,300.0,0.0
202437,2024-09-14,2024-09-19,lab,ab,3477.0,404.0,916.0,6.0,4.0,0.0,1.0,5.0,1.0,784.0,2.0,783.0,3.0,1.0,0.0,0.0,0.0,781.0,9.0,711.0,6.0,767.0,122.0,783.0,4.0
202437,2024-09-14,2024-09-19,region,prairies,5866.0,744.0,2199.0,18.0,4.0,0.0,11.0,15.0,3.0,1977.0,6.0,1163.0,4.0,4.0,2.0,1.0,0.0,1161.0,11.0,1111.0,6.0,1147.0,188.0,1183.0,5.0
202437,2024-09-14,2024-09-19,region,bc,2110.0,398.0,2636.0,51.0,17.0,1.0,0.0,49.0,2.0,2630.0,7.0,554.0,2.0,1.0,2.0,2.0,0.0,554.0,4.0,554.0,5.0,545.0,88.0,545.0,7.0
202437,2024-09-14,2024-09-19,lab,yk,56.0,13.0,43.0,0.0,0.0,0.0,0.0,0.0,0.0,42.0,0.0,,,,,,,,,,,,,,
202437,2024-09-14,2024-09-19,lab,nt,37.0,7.0,37.0,1.0,1.0,0.0,0.0,1.0,0.0,37.0,0.0,,,,,,,37.0,0.0,37.0,0.0,37.0,11.0,,
202437,2024-09-14,2024-09-19,lab,nu,97.0,9.0,65.0,0.0,0.0,0.0,0.0,0.0,0.0,65.0,0.0,,,,,,,,,,,,,,
202437,2024-09-14,2024-09-19,region,territories,190.0,29.0,145.0,1.0,1.0,0.0,0.0,1.0,0.0,144.0,0.0,,,,,,,37.0,0.0,37.0,0.0,37.0,11.0,,
202437,2024-09-14,2024-09-19,nation,ca,28853.0,5365.0,19884.0,100.0,29.0,8.0,30.0,92.0,8.0,18351.0,109.0,7961.0,15.0,14.0,9.0,12.0,46.0,8009.0,59.0,7962.0,19.0,8057.0,1038.0,6554.0,49.0
202438,2024-09-21,2024-09-26,lab,nl,523.0,69.0,413.0,0.0,0.0,0.0,0.0,0.0,0.0,413.0,0.0,413.0,2.0,0.0,1.0,3.0,0.0,413.0,9.0,413.0,1.0,413.0,28.0,413.0,2.0
202438,2024-09-21,2024-09-26,lab,pe,139.0,22.0,41.0,0.0,0.0,0.0,0.0,0.0,0.0,41.0,1.0,20.0,1.0,0.0,1.0,0.0,0.0,20.0,0.0,20.0,0.0,20.0,7.0,20.0,0.0
202438,2024-09-21,2024-09-26,lab,ns,1198.0,247.0,1143.0,2.0,0.0,0.0,1.0,1.0,1.0,1047.0,0.0,44.0,0.0,0.0,0.0,0.0,0.0,44.0,0.0,44.0,0.0,44.0,10.0,44.0,0.0
202438,2024-09-21,2024-09-26,lab,nb,1073.0,180.0,645.0,0.0,0.0,0.0,0.0,0.0,0.0,645.0,1.0,99.0,0.0,0.0,0.0,0.0,0.0,99.0,1.0,99.0,0.0,99.0,12.0,99.0,1.0
202438,2024-09-21,2024-09-26,region,atlantic,2933.0,518.0,2242.0,2.0,0.0,0.0,1.0,1.0,1.0,2146.0,2.0,576.0,3.0,0.0,2.0,3.0,0.0,576.0,10.0,576.0,1.0,576.0,57.0,576.0,3.0
202438,2024-09-21,2024-09-26,lab,région nord-est,1271.0,235.0,1060.0,0.0,0.0,0.0,0.0,0.0,0.0,465.0,0.0,132.0,0.0,0.0,2.0,0.0,0.0,132.0,1.0,121.0,2.0,132.0,21.0,132.0,1.0
202438,2024-09-21,2024-09-26,lab,québec-chaudière-appalaches,1512.0,288.0,1109.0,3.0,0.0,0.0,2.0,2.0,1.0,1109.0,11.0,513.0,3.0,0.0,0.0,2.0,0.0,530.0,13.0,515.0,8.0,546.0,77.0,456.0,10.0
202438,2024-09-21,2024-09-26,lab,centre-du-québec,2178.0,570.0,694.0,0.0,0.0,0.0,0.0,0.0,0.0,476.0,5.0,29.0,0.0,0.0,0.0,0.0,0.0,29.0,0.0,29.0,0.0,29.0,5.0,30.0,1.0
202438,2024-09-21,2024-09-26,lab,montréal-laval,1882.0,424.0,1401.0,3.0,0.0,0.0,2.0,2.0,1.0,1268.0,26.0,746.0,4.0,6.0,4.0,4.0,0.0,746.0,6.0,747.0,1.0,773.0,70.0,746.0,4.0
202438,2024-09-21,2024-09-26,lab,ouest du québec,1262.0,319.0,650.0,2.0,0.0,0.0,2.0,2.0,0.0,650.0,10.0,28.0,1.0,0.0,0.0,0.0,0.0,28.0,1.0,28.0,0.0,28.0,10.0,28.0,0.0
202438,2024-09-21,2024-09-26,lab,montérégie,1335.0,311.0,1130.0,1.0,0.0,0.0,1.0,1.0,0.0,1130.0,5.0,8.0,0.0,0.0,0.0,0.0,0.0,8.0,0.0,8.0,0.0,15.0,1.0,8.0,0.0
202438,2024-09-21,2024-09-26,region,qc,9440.0,2147.0,6044.0,9.0,0.0,0.0,7.0,7.0,2.0,5098.0,57.0,1456.0,8.0,6.0,6.0,6.0,0.0,1473.0,21.0,1448.0,11.0,1523.0,184.0,1400.0,16.0
202438,2024-09-21,2024-09-26,lab,phol - ottawa,148.0,80.0,105.0,0.0,0.0,0.0,0.0,0.0,0.0,105.0,0.0,56.0,0.0,0.0,0.0,0.0,4.0,56.0,0.0,56.0,0.0,56.0,3.0,56.0,0.0
202438,2024-09-21,2024-09-26,lab,eorla,802.0,85.0,383.0,0.0,0.0,0.0,0.0,0.0,0.0,383.0,2.0,29.0,0.0,0.0,0.0,0.0,0.0,29.0,0.0,29.0,0.0,29.0,6.0,29.0,0.0
202438,2024-09-21,2024-09-26,lab,phol - kingston,260.0,106.0,149.0,0.0,0.0,0.0,0.0,0.0,0.0,149.0,1.0,63.0,0.0,0.0,0.0,0.0,0.0,63.0,0.0,63.0,0.0,63.0,0.0,63.0,1.0
202438,2024-09-21,2024-09-26,lab,phol - peterborough,68.0,35.0,73.0,0.0,0.0,0.0,0.0,0.0,0.0,73.0,2.0,40.0,0.0,0.0,0.0,0.0,1.0,40.0,0.0,40.0,0.0,40.0,1.0,40.0,1.0
202438,2024-09-21,2024-09-26,lab,phol - toronto,364.0,84.0,629.0,4.0,6.0,1.0,0.0,4.0,0.0,629.0,0.0,583.0,0.0,0.0,0.0,0.0,24.0,583.0,6.0,583.0,7.0,583.0,76.0,583.0,3.0
202438,2024-09-21,2024-09-26,lab,uhn / mount sinai hospital,936.0,79.0,903.0,2.0,0.0,0.0,1.0,1.0,1.0,903.0,0.0,87.0,0.0,0.0,2.0,1.0,0.0,87.0,0.0,87.0,0.0,87.0,6.0,87.0,0.0
202438,2024-09-21,2024-09-26,lab,sick kids hospital - toronto,83.0,9.0,133.0,0.0,0.0,0.0,0.0,0.0,0.0,133.0,0.0,133.0,0.0,3.0,0.0,0.0,0.0,133.0,2.0,133.0,0.0,133.0,18.0,133.0,0.0
202438,2024-09-21,2024-09-26,lab,shared hospital laboratory,1427.0,164.0,1006.0,2.0,1.0,0.0,1.0,2.0,0.0,1006.0,4.0,980.0,0.0,0.0,0.0,0.0,11.0,980.0,2.0,1004.0,0.0,1004.0,39.0,1004.0,1.0
202438,2024-09-21,2024-09-26,lab,phol - hamilton,48.0,10.0,46.0,7.0,0.0,7.0,0.0,7.0,0.0,46.0,0.0,40.0,0.0,0.0,0.0,0.0,1.0,40.0,1.0,40.0,0.0,40.0,5.0,40.0,0.0
202438,2024-09-21,2024-09-26,lab,st. joseph's - hamilton,1443.0,148.0,1341.0,4.0,0.0,0.0,4.0,4.0,0.0,1341.0,3.0,1341.0,0.0,0.0,3.0,0.0,0.0,1341.0,0.0,1341.0,0.0,1341.0,75.0,0.0,0.0
202438,2024-09-21,2024-09-26,lab,phol - london,231.0,86.0,221.0,0.0,0.0,0.0,0.0,0.0,0.0,221.0,0.0,185.0,0.0,0.0,0.0,0.0,3.0,185.0,1.0,185.0,0.0,185.0,11.0,185.0,1.0
202438,2024-09-21,2024-09-26,lab,st. joseph's - london,490.0,77.0,69.0,1.0,0.0,0.0,0.0,0.0,1.0,69.0,1.0,68.0,0.0,0.0,0.0,0.0,0.0,68.0,1.0,68.0,0.0,68.0,6.0,68.0,1.0
202438,2024-09-21,2024-09-26,lab,phol - orillia,21.0,13.0,16.0,0.0,0.0,0.0,0.0,0.0,0.0,16.0,0.0,15.0,0.0,0.0,0.0,0.0,0.0,15.0,0.0,15.0,0.0,15.0,2.0,15.0,0.0
202438,2024-09-21,2024-09-26,lab,phol - sudbury,11.0,1.0,16.0,0.0,0.0,0.0,0.0,0.0,0.0,16.0,0.0,11.0,0.0,0.0,0.0,0.0,0.0,11.0,0.0,11.0,0.0,11.0,1.0,11.0,0.0
202438,2024-09-21,2024-09-26,lab,phol - timmins,28.0,4.0,25.0,0.0,0.0,0.0,0.0,0.0,0.0,25.0,0.0,10.0,0.0,0.0,0.0,0.0,0.0,10.0,1.0,10.0,0.0,10.0,1.0,10.0,0.0
202438,2024-09-21,2024-09-26,lab,phol - sault ste. marie,3.0,0.0,5.0,0.0,0.0,0.0,0.0,0.0,0.0,5.0,0.0,5.0,0.0,0.0,0.0,0.0,1.0,5.0,0.0,5.0,0.0,5.0,0.0,5.0,0.0
202438,2024-09-21,2024-09-26,lab,sault area hospital,76.0,8.0,64.0,0.0,0.0,0.0,0.0,0.0,0.0,64.0,0.0,56.0,0.0,0.0,0.0,1.0,0.0,56.0,0.0,56.0,0.0,56.0,3.0,56.0,0.0
202438,2024-09-21,2024-09-26,lab,phol - thunder bay,20.0,6.0,21.0,0.0,0.0,0.0,0.0,0.0,0.0,21.0,0.0,21.0,0.0,0.0,0.0,0.0,2.0,21.0,0.0,21.0,0.0,21.0,1.0,21.0,0.0
202438,2024-09-21,2024-09-26,region,on,6459.0,995.0,5205.0,20.0,7.0,8.0,6.0,18.0,2.0,5205.0,13.0,3723.0,0.0,3.0,5.0,2.0,47.0,3723.0,14.0,3747.0,7.0,3747.0,254.0,2406.0,8.0
202438,2024-09-21,2024-09-26,lab,mb,1095.0,188.0,321.0,0.0,0.0,0.0,0.0,0.0,0.0,321.0,1.0,43.0,1.0,0.0,2.0,0.0,0.0,43.0,1.0,83.0,0.0,43.0,11.0,83.0,0.0
202438,2024-09-21,2024-09-26,lab,sk,1091.0,131.0,868.0,32.0,14.0,0.0,17.0,31.0,1.0,776.0,2.0,322.0,0.0,1.0,0.0,1.0,0.0,322.0,10.0,322.0,1.0,322.0,43.0,322.0,0.0
202438,2024-09-21,2024-09-26,lab,ab,3142.0,321.0,939.0,8.0,5.0,3.0,0.0,8.0,0.0,852.0,1.0,852.0,3.0,4.0,1.0,1.0,0.0,852.0,9.0,791.0,1.0,846.0,119.0,852.0,3.0
202438,2024-09-21,2024-09-26,region,prairies,5328.0,640.0,2128.0,40.0,19.0,3.0,17.0,39.0,1.0,1949.0,4.0,1217.0,4.0,5.0,3.0,2.0,0.0,1217.0,20.0,1196.0,2.0,1211.0,173.0,1257.0,3.0
202438,2024-09-21,2024-09-26,region,bc,2571.0,484.0,2517.0,35.0,11.0,2.0,2.0,34.0,1.0,2517.0,12.0,621.0,3.0,0.0,5.0,1.0,0.0,621.0,2.0,621.0,9.0,617.0,55.0,617.0,1.0
202438,2024-09-21,2024-09-26,lab,yk,46.0,10.0,24.0,0.0,0.0,0.0,0.0,0.0,0.0,24.0,0.0,,,,,,,,,,,,,,
202438,2024-09-21,2024-09-26,lab,nt,26.0,8.0,26.0,0.0,0.0,0.0,0.0,0.0,0.0,26.0,0.0,,,,,,,26.0,0.0,26.0,0.0,26.0,11.0,,
202438,2024-09-21,2024-09-26,lab,nu,107.0,5.0,82.0,0.0,0.0,0.0,0.0,0.0,0.0,82.0,0.0,,,,,,,,,,,,,,
202438,2024-09-21,2024-09-26,region,territories,179.0,23.0,132.0,0.0,0.0,0.0,0.0,0.0,0.0,132.0,0.0,,,,,,,26.0,0.0,26.0,0.0,26.0,11.0,,
202438,2024-09-21,2024-09-26,nation,ca,26910.0,4807.0,18268.0,106.0,37.0,13.0,33.0,99.0,7.0,17047.0,88.0,7593.0,18.0,14.0,21.0,14.0,47.0,7636.0,67.0,7614.0,30.0,7700.0,734.0,6256.0,31.0
202438,2024-09-21,2024-09-26,lab,nl,511.0,74.0,417.0,0.0,0.0,0.0,0.0,0.0,0.0,417.0,0.0,417.0,3.0,0.0,0.0,4.0,0.0,417.0,4.0,417.0,2.0,417.0,46.0,417.0,1.0
202438,2024-09-21,2024-09-26,lab,pe,123.0,25.0,38.0,0.0,0.0,0.0,0.0,0.0,0.0,38.0,0.0,11.0,0.0,0.0,0.0,0.0,0.0,11.0,1.0,11.0,0.0,11.0,4.0,11.0,0.0
202438,2024-09-21,2024-09-26,lab,ns,1205.0,228.0,1162.0,2.0,0.0,0.0,2.0,2.0,0.0,1115.0,0.0,44.0,0.0,0.0,0.0,0.0,0.0,44.0,0.0,44.0,0.0,44.0,7.0,44.0,0.0
202438,2024-09-21,2024-09-26,lab,nb,1064.0,176.0,648.0,0.0,0.0,0.0,0.0,0.0,0.0,648.0,0.0,105.0,0.0,0.0,0.0,0.0,0.0,105.0,3.0,105.0,0.0,105.0,16.0,105.0,1.0
202438,2024-09-21,2024-09-26,region,atlantic,2903.0,503.0,2265.0,2.0,0.0,0.0,2.0,2.0,0.0,2218.0,0.0,577.0,3.0,0.0,0.0,4.0,0.0,577.0,8.0,577.0,2.0,577.0,73.0,577.0,2.0
202438,2024-09-21,2024-09-26,lab,région nord-est,1322.0,271.0,1140.0,1.0,0.0,0.0,1.0,1.0,0.0,472.0,4.0,112.0,0.0,0.0,1.0,1.0,0.0,112.0,2.0,98.0,1.0,112.0,24.0,112.0,1.0
202438,2024-09-21,2024-09-26,lab,québec-chaudière-appalaches,1436.0,286.0,1064.0,8.0,0.0,0.0,4.0,4.0,4.0,1063.0,20.0,507.0,3.0,1.0,0.0,1.0,0.0,524.0,12.0,507.0,0.0,529.0,82.0,433.0,15.0
202438,2024-09-21,2024-09-26,lab,centre-du-québec,2251.0,572.0,806.0,1.0,0.0,0.0,1.0,1.0,0.0,589.0,11.0,38.0,0.0,1.0,0.0,0.0,0.0,38.0,1.0,38.0,0.0,38.0,8.0,40.0,1.0
202438,2024-09-21,2024-09-26,lab,montréal-laval,1911.0,377.0,1390.0,10.0,0.0,0.0,10.0,10.0,0.0,1230.0,12.0,720.0,7.0,2.0,3.0,2.0,0.0,720.0,7.0,724.0,2.0,750.0,66.0,720.0,4.0
202438,2024-09-21,2024-09-26,lab,ouest du québec,1397.0,334.0,647.0,2.0,0.0,0.0,2.0,2.0,0.0,646.0,3.0,29.0,0.0,1.0,0.0,0.0,0.0,29.0,0.0,29.0,0.0,26.0,7.0,29.0,0.0
202438,2024-09-21,2024-09-26,lab,montérégie,1416.0,340.0,1031.0,0.0,0.0,0.0,0.0,0.0,0.0,1030.0,10.0,6.0,0.0,0.0,0.0,0.0,0.0,6.0,0.0,6.0,0.0,14.0,1.0,6.0,0.0
202438,2024-09-21,2024-09-26,region,qc,9733.0,2180.0,6078.0,22.0,0.0,0.0,18.0,18.0,4.0,5030.0,60.0,1412.0,10.0,5.0,4.0,4.0,0.0,1429.0,22.0,1402.0,3.0,1469.0,188.0,1340.0,21.0
202438,2024-09-21,2024-09-26,lab,phol - ottawa,115.0,52.0,123.0,0.0,0.0,0.0,0.0,0.0,0.0,123.0,0.0,92.0,0.0,0.0,0.0,0.0,4.0,92.0,0.0,92.0,1.0,92.0,3.0,92.0,2.0
202438,2024-09-21,2024-09-26,lab,eorla,682.0,82.0,425.0,1.0,0.0,0.0,1.0,1.0,0.0,425.0,1.0,58.0,1.0,0.0,2.0,0.0,0.0,58.0,1.0,58.0,0.0,58.0,8.0,58.0,1.0
202438,2024-09-21,2024-09-26,lab,phol - kingston,201.0,129.0,105.0,0.0,0.0,0.0,0.0,0.0,0.0,105.0,0.0,67.0,0.0,0.0,0.0,0.0,0.0,67.0,0.0,67.0,0.0,67.0,0.0,67.0,0.0
202438,2024-09-21,2024-09-26,lab,phol - peterborough,54.0,29.0,93.0,3.0,1.0,1.0,1.0,3.0,0.0,93.0,2.0,58.0,0.0,0.0,0.0,0.0,1.0,58.0,1.0,58.0,0.0,58.0,4.0,58.0,0.0
202438,2024-09-21,2024-09-26,lab,phol - toronto,372.0,121.0,642.0,0.0,2.0,1.0,0.0,0.0,0.0,643.0,0.0,571.0,0.0,0.0,0.0,0.0,29.0,571.0,4.0,570.0,5.0,571.0,55.0,570.0,3.0
202438,2024-09-21,2024-09-26,lab,uhn / mount sinai hospital,867.0,96.0,831.0,2.0,0.0,0.0,2.0,2.0,0.0,831.0,0.0,55.0,0.0,0.0,0.0,0.0,0.0,55.0,0.0,55.0,0.0,55.0,3.0,55.0,0.0
202438,2024-09-21,2024-09-26,lab,sick kids hospital - toronto,83.0,1.0,119.0,0.0,0.0,0.0,0.0,0.0,0.0,119.0,2.0,119.0,0.0,3.0,3.0,1.0,0.0,119.0,3.0,119.0,0.0,119.0,28.0,119.0,0.0
202438,2024-09-21,2024-09-26,lab,shared hospital laboratory,1193.0,109.0,902.0,1.0,0.0,1.0,0.0,1.0,0.0,904.0,4.0,872.0,0.0,0.0,0.0,0.0,6.0,871.0,2.0,897.0,2.0,897.0,32.0,896.0,1.0
202438,2024-09-21,2024-09-26,lab,phol - hamilton,51.0,31.0,69.0,0.0,0.0,0.0,0.0,0.0,0.0,69.0,0.0,62.0,0.0,0.0,0.0,0.0,2.0,62.0,3.0,62.0,0.0,62.0,7.0,62.0,0.0
202438,2024-09-21,2024-09-26,lab,st. joseph's - hamilton,1319.0,121.0,1257.0,1.0,0.0,0.0,1.0,1.0,0.0,1257.0,4.0,1257.0,0.0,0.0,7.0,0.0,0.0,1257.0,1.0,1257.0,1.0,1257.0,70.0,0.0,0.0
202438,2024-09-21,2024-09-26,lab,phol - london,197.0,80.0,181.0,1.0,0.0,1.0,0.0,1.0,0.0,181.0,0.0,151.0,0.0,0.0,0.0,0.0,4.0,151.0,0.0,151.0,0.0,151.0,6.0,151.0,1.0
202438,2024-09-21,2024-09-26,lab,st. joseph's - london,549.0,80.0,48.0,0.0,0.0,0.0,0.0,0.0,0.0,48.0,0.0,49.0,0.0,0.0,0.0,0.0,0.0,49.0,0.0,49.0,0.0,49.0,3.0,49.0,0.0
202438,2024-09-21,2024-09-26,lab,phol - orillia,5.0,4.0,10.0,0.0,0.0,0.0,0.0,0.0,0.0,10.0,0.0,10.0,0.0,0.0,0.0,0.0,0.0,10.0,0.0,10.0,0.0,10.0,0.0,10.0,0.0
202438,2024-09-21,2024-09-26,lab,phol - sudbury,9.0,4.0,10.0,0.0,0.0,0.0,0.0,0.0,0.0,10.0,0.0,7.0,0.0,0.0,0.0,0.0,0.0,7.0,0.0,7.0,0.0,7.0,0.0,7.0,1.0
202438,2024-09-21,2024-09-26,lab,phol - timmins,22.0,4.0,22.0,0.0,0.0,0.0,0.0,0.0,0.0,22.0,0.0,17.0,0.0,0.0,0.0,0.0,0.0,17.0,0.0,17.0,0.0,17.0,1.0,17.0,0.0
202438,2024-09-21,2024-09-26,lab,phol - sault ste. marie,1.0,0.0,3.0,0.0,0.0,0.0,0.0,0.0,0.0,3.0,0.0,3.0,0.0,0.0,0.0,0.0,0.0,3.0,0.0,3.0,0.0,3.0,0.0,3.0,0.0
202438,2024-09-21,2024-09-26,lab,sault area hospital,62.0,3.0,56.0,0.0,0.0,0.0,0.0,0.0,0.0,56.0,0.0,53.0,0.0,0.0,0.0,0.0,0.0,53.0,0.0,53.0,0.0,53.0,5.0,53.0,0.0
202438,2024-09-21,2024-09-26,lab,phol - thunder bay,31.0,10.0,33.0,0.0,0.0,0.0,0.0,0.0,0.0,33.0,0.0,31.0,0.0,0.0,0.0,0.0,5.0,31.0,0.0,31.0,0.0,31.0,0.0,31.0,0.0
202438,2024-09-21,2024-09-26,region,on,5813.0,956.0,4929.0,9.0,3.0,4.0,5.0,9.0,0.0,4932.0,13.0,3532.0,1.0,3.0,12.0,1.0,51.0,3531.0,15.0,3556.0,9.0,3557.0,225.0,2298.0,9.0
202438,2024-09-21,2024-09-26,lab,mb,1136.0,215.0,414.0,1.0,0.0,0.0,1.0,1.0,0.0,414.0,0.0,78.0,3.0,0.0,1.0,2.0,0.0,78.0,2.0,97.0,0.0,78.0,25.0,97.0,0.0
202438,2024-09-21,2024-09-26,lab,sk,1140.0,151.0,828.0,7.0,0.0,0.0,5.0,5.0,2.0,759.0,1.0,322.0,1.0,1.0,0.0,1.0,0.0,322.0,3.0,322.0,0.0,322.0,60.0,322.0,2.0
202438,2024-09-21,2024-09-26,lab,ab,3291.0,394.0,1019.0,5.0,4.0,1.0,0.0,5.0,0.0,896.0,1.0,896.0,2.0,3.0,3.0,0.0,0.0,894.0,7.0,843.0,0.0,885.0,99.0,896.0,2.0
202438,2024-09-21,2024-09-26,region,prairies,5567.0,760.0,2261.0,13.0,4.0,1.0,6.0,11.0,2.0,2069.0,2.0,1296.0,6.0,4.0,4.0,3.0,0.0,1294.0,12.0,1262.0,0.0,1285.0,184.0,1315.0,4.0
202438,2024-09-21,2024-09-26,region,bc,2807.0,535.0,2683.0,41.0,16.0,6.0,3.0,41.0,0.0,2709.0,2.0,715.0,1.0,1.0,3.0,7.0,0.0,715.0,9.0,715.0,4.0,712.0,86.0,712.0,0.0
202438,2024-09-21,2024-09-26,lab,yk,33.0,6.0,24.0,0.0,0.0,0.0,0.0,0.0,0.0,24.0,0.0,,,,,,,,,,,,,,
202438,2024-09-21,2024-09-26,lab,nt,42.0,10.0,42.0,0.0,0.0,0.0,0.0,0.0,0.0,42.0,0.0,,,,,,,42.0,0.0,42.0,0.0,42.0,16.0,,
202438,2024-09-21,2024-09-26,lab,nu,91.0,5.0,80.0,1.0,0.0,1.0,0.0,1.0,0.0,80.0,0.0,,,,,,,,,,,,,,
202438,2024-09-21,2024-09-26,region,territories,166.0,21.0,146.0,1.0,0.0,1.0,0.0,1.0,0.0,146.0,0.0,,,,,,,42.0,0.0,42.0,0.0,42.0,16.0,,
202438,2024-09-21,2024-09-26,nation,ca,26989.0,4955.0,18362.0,88.0,23.0,12.0,34.0,82.0,6.0,17104.0,77.0,7532.0,21.0,13.0,23.0,19.0,51.0,7588.0,66.0,7554.0,18.0,7642.0,772.0,6242.0,36.0
202438,2024-09-21,2024-09-26,lab,nl,566.0,89.0,478.0,0.0,0.0,0.0,0.0,0.0,0.0,478.0,0.0,478.0,0.0,0.0,0.0,8.0,0.0,478.0,6.0,478.0,1.0,478.0,74.0,478.0,0.0
202438,2024-09-21,2024-09-26,lab,pe,130.0,16.0,42.0,0.0,0.0,0.0,0.0,0.0,0.0,42.0,0.0,16.0,0.0,0.0,0.0,0.0,0.0,16.0,1.0,16.0,0.0,16.0,7.0,16.0,1.0
202438,2024-09-21,2024-09-26,lab,ns,1331.0,239.0,1258.0,1.0,0.0,0.0,1.0,1.0,0.0,1171.0,1.0,54.0,0.0,0.0,0.0,0.0,0.0,54.0,2.0,54.0,0.0,54.0,14.0,64.0,0.0
202438,2024-09-21,2024-09-26,lab,nb,1158.0,198.0,776.0,0.0,0.0,0.0,0.0,0.0,0.0,776.0,0.0,150.0,0.0,0.0,0.0,0.0,0.0,150.0,3.0,150.0,0.0,150.0,26.0,150.0,3.0
202438,2024-09-21,2024-09-26,region,atlantic,3185.0,542.0,2554.0,1.0,0.0,0.0,1.0,1.0,0.0,2467.0,1.0,698.0,0.0,0.0,0.0,8.0,0.0,698.0,12.0,698.0,1.0,698.0,121.0,708.0,4.0
202438,2024-09-21,2024-09-26,lab,région nord-est,1647.0,369.0,1398.0,0.0,0.0,0.0,0.0,0.0,0.0,590.0,1.0,117.0,1.0,1.0,0.0,0.0,0.0,117.0,2.0,110.0,0.0,117.0,28.0,117.0,1.0
202438,2024-09-21,2024-09-26,lab,québec-chaudière-appalaches,1784.0,344.0,1182.0,3.0,0.0,0.0,1.0,1.0,2.0,1182.0,6.0,595.0,0.0,1.0,0.0,0.0,0.0,609.0,9.0,595.0,1.0,620.0,114.0,538.0,10.0
202438,2024-09-21,2024-09-26,lab,centre-du-québec,2125.0,520.0,787.0,0.0,0.0,0.0,0.0,0.0,0.0,563.0,16.0,34.0,0.0,0.0,0.0,1.0,0.0,34.0,1.0,34.0,0.0,34.0,9.0,37.0,2.0
202438,2024-09-21,2024-09-26,lab,montréal-laval,2146.0,405.0,1496.0,3.0,0.0,0.0,3.0,3.0,0.0,1313.0,27.0,821.0,8.0,6.0,4.0,1.0,0.0,821.0,4.0,821.0,0.0,851.0,93.0,821.0,9.0
202438,2024-09-21,2024-09-26,lab,ouest du québec,1589.0,406.0,770.0,4.0,0.0,0.0,3.0,3.0,1.0,770.0,7.0,18.0,0.0,0.0,0.0,0.0,0.0,18.0,1.0,18.0,0.0,18.0,7.0,18.0,1.0
202438,2024-09-21,2024-09-26,lab,montérégie,1559.0,372.0,1267.0,0.0,0.0,0.0,0.0,0.0,0.0,1267.0,17.0,2.0,0.0,0.0,0.0,0.0,0.0,2.0,0.0,2.0,0.0,10.0,0.0,2.0,0.0
202438,2024-09-21,2024-09-26,region,qc,10850.0,2416.0,6900.0,10.0,0.0,0.0,7.0,7.0,3.0,5685.0,74.0,1587.0,9.0,8.0,4.0,2.0,0.0,1601.0,17.0,1580.0,1.0,1650.0,251.0,1533.0,23.0
202438,2024-09-21,2024-09-26,lab,phol - ottawa,196.0,85.0,116.0,1.0,0.0,1.0,0.0,1.0,0.0,116.0,0.0,79.0,0.0,0.0,0.0,0.0,6.0,79.0,0.0,79.0,0.0,79.0,6.0,79.0,0.0
202438,2024-09-21,2024-09-26,lab,eorla,777.0,93.0,469.0,0.0,0.0,0.0,0.0,0.0,0.0,469.0,7.0,39.0,0.0,0.0,0.0,0.0,0.0,39.0,0.0,39.0,0.0,39.0,6.0,39.0,0.0
202438,2024-09-21,2024-09-26,lab,phol - kingston,217.0,86.0,100.0,0.0,0.0,0.0,0.0,0.0,0.0,100.0,0.0,64.0,0.0,0.0,0.0,0.0,0.0,64.0,0.0,64.0,0.0,64.0,20.0,64.0,0.0
202438,2024-09-21,2024-09-26,lab,phol - peterborough,48.0,19.0,86.0,0.0,0.0,0.0,0.0,0.0,0.0,86.0,2.0,52.0,0.0,0.0,0.0,0.0,1.0,52.0,0.0,52.0,0.0,52.0,5.0,52.0,0.0
202438,2024-09-21,2024-09-26,lab,phol - toronto,671.0,228.0,822.0,2.0,3.0,4.0,0.0,2.0,0.0,822.0,0.0,710.0,0.0,0.0,0.0,0.0,19.0,710.0,4.0,710.0,1.0,710.0,95.0,710.0,6.0
202438,2024-09-21,2024-09-26,lab,uhn / mount sinai hospital,896.0,84.0,761.0,1.0,0.0,0.0,1.0,1.0,0.0,761.0,1.0,68.0,1.0,1.0,1.0,0.0,0.0,68.0,0.0,68.0,0.0,68.0,4.0,68.0,0.0
202438,2024-09-21,2024-09-26,lab,sick kids hospital - toronto,169.0,13.0,159.0,0.0,0.0,0.0,0.0,0.0,0.0,159.0,1.0,159.0,1.0,2.0,0.0,0.0,0.0,159.0,1.0,159.0,0.0,159.0,38.0,159.0,0.0
202438,2024-09-21,2024-09-26,lab,shared hospital laboratory,1293.0,148.0,976.0,6.0,4.0,1.0,1.0,6.0,0.0,977.0,8.0,953.0,0.0,0.0,0.0,0.0,9.0,953.0,3.0,976.0,1.0,976.0,68.0,976.0,1.0
202438,2024-09-21,2024-09-26,lab,phol - hamilton,123.0,53.0,137.0,0.0,0.0,0.0,0.0,0.0,0.0,137.0,0.0,93.0,0.0,0.0,0.0,0.0,5.0,93.0,0.0,93.0,1.0,93.0,11.0,93.0,0.0
202438,2024-09-21,2024-09-26,lab,st. joseph's - hamilton,1526.0,176.0,1383.0,8.0,0.0,0.0,8.0,8.0,0.0,1383.0,6.0,1383.0,0.0,0.0,0.0,0.0,0.0,1383.0,5.0,1383.0,2.0,1383.0,121.0,0.0,0.0
202438,2024-09-21,2024-09-26,lab,phol - london,400.0,165.0,397.0,0.0,0.0,1.0,0.0,0.0,0.0,397.0,0.0,330.0,0.0,0.0,0.0,0.0,4.0,330.0,3.0,330.0,0.0,330.0,28.0,330.0,1.0
202438,2024-09-21,2024-09-26,lab,st. joseph's - london,577.0,98.0,56.0,1.0,0.0,0.0,1.0,1.0,0.0,56.0,0.0,56.0,0.0,0.0,0.0,0.0,0.0,56.0,1.0,56.0,1.0,56.0,6.0,46.0,1.0
202438,2024-09-21,2024-09-26,lab,phol - orillia,25.0,18.0,20.0,0.0,0.0,0.0,0.0,0.0,0.0,20.0,0.0,9.0,0.0,0.0,0.0,0.0,0.0,9.0,0.0,9.0,0.0,9.0,2.0,9.0,0.0
202438,2024-09-21,2024-09-26,lab,phol - sudbury,8.0,4.0,9.0,0.0,0.0,0.0,0.0,0.0,0.0,9.0,0.0,6.0,0.0,0.0,0.0,0.0,0.0,6.0,0.0,6.0,0.0,6.0,0.0,6.0,0.0
202438,2024-09-21,2024-09-26,lab,phol - timmins,37.0,13.0,39.0,0.0,0.0,0.0,0.0,0.0,0.0,39.0,0.0,28.0,0.0,0.0,0.0,0.0,2.0,28.0,0.0,28.0,0.0,28.0,5.0,28.0,0.0
202438,2024-09-21,2024-09-26,lab,phol - sault ste. marie,2.0,0.0,8.0,0.0,0.0,0.0,0.0,0.0,0.0,8.0,0.0,8.0,0.0,0.0,0.0,0.0,0.0,8.0,0.0,8.0,0.0,8.0,0.0,8.0,0.0
202438,2024-09-21,2024-09-26,lab,sault area hospital,78.0,5.0,73.0,0.0,0.0,0.0,0.0,0.0,0.0,73.0,0.0,63.0,0.0,0.0,0.0,0.0,0.0,63.0,0.0,63.0,0.0,63.0,3.0,63.0,1.0
202438,2024-09-21,2024-09-26,lab,phol - thunder bay,46.0,10.0,42.0,0.0,0.0,0.0,0.0,0.0,0.0,42.0,0.0,32.0,0.0,0.0,0.0,0.0,0.0,32.0,0.0,32.0,0.0,32.0,2.0,32.0,0.0
202438,2024-09-21,2024-09-26,region,on,7089.0,1298.0,5653.0,19.0,7.0,7.0,11.0,19.0,0.0,5654.0,25.0,4132.0,2.0,3.0,1.0,0.0,46.0,4132.0,17.0,4155.0,6.0,4155.0,420.0,2762.0,10.0
202438,2024-09-21,2024-09-26,lab,mb,1118.0,183.0,424.0,3.0,0.0,0.0,3.0,3.0,0.0,424.0,0.0,80.0,1.0,0.0,1.0,1.0,0.0,80.0,1.0,100.0,0.0,80.0,21.0,100.0,1.0
202438,2024-09-21,2024-09-26,lab,sk,1305.0,167.0,938.0,9.0,0.0,0.0,7.0,7.0,2.0,847.0,4.0,354.0,0.0,3.0,1.0,0.0,0.0,354.0,1.0,354.0,0.0,354.0,53.0,354.0,0.0
202438,2024-09-21,2024-09-26,lab,ab,3571.0,415.0,1086.0,8.0,5.0,0.0,1.0,6.0,2.0,935.0,3.0,934.0,3.0,2.0,0.0,0.0,0.0,932.0,9.0,845.0,7.0,912.0,147.0,934.0,4.0
202438,2024-09-21,2024-09-26,region,prairies,5994.0,765.0,2448.0,20.0,5.0,0.0,11.0,16.0,4.0,2206.0,7.0,1368.0,4.0,5.0,2.0,1.0,0.0,1366.0,11.0,1299.0,7.0,1346.0,221.0,1388.0,5.0
202438,2024-09-21,2024-09-26,region,bc,2924.0,552.0,2832.0,59.0,32.0,2.0,3.0,57.0,2.0,2826.0,9.0,713.0,3.0,2.0,2.0,3.0,0.0,713.0,5.0,713.0,6.0,704.0,110.0,704.0,7.0
202438,2024-09-21,2024-09-26,lab,yk,56.0,13.0,43.0,0.0,0.0,0.0,0.0,0.0,0.0,42.0,0.0,,,,,,,,,,,,,,
202438,2024-09-21,2024-09-26,lab,nt,37.0,7.0,37.0,1.0,1.0,0.0,0.0,1.0,0.0,37.0,0.0,,,,,,,37.0,0.0,37.0,0.0,37.0,11.0,,
202438,2024-09-21,2024-09-26,lab,nu,97.0,9.0,65.0,1.0,0.0,0.0,0.0,0.0,1.0,65.0,1.0,,,,,,,,,,,,,,
202438,2024-09-21,2024-09-26,region,territories,190.0,29.0,145.0,2.0,1.0,0.0,0.0,1.0,1.0,144.0,1.0,,,,,,,37.0,0.0,37.0,0.0,37.0,11.0,,
202438,2024-09-21,2024-09-26,nation,ca,30232.0,5602.0,20532.0,111.0,45.0,9.0,33.0,101.0,10.0,18982.0,117.0,8498.0,18.0,18.0,9.0,14.0,46.0,8547.0,62.0,8482.0,21.0,8590.0,1134.0,7095.0,49.0
202438,2024-09-21,2024-09-26,lab,nl,775.0,101.0,641.0,0.0,0.0,0.0,0.0,0.0,0.0,641.0,0.0,641.0,2.0,0.0,0.0,4.0,0.0,641.0,5.0,641.0,1.0,641.0,150.0,641.0,2.0
202438,2024-09-21,2024-09-26,lab,pe,136.0,15.0,42.0,0.0,0.0,0.0,0.0,0.0,0.0,42.0,0.0,11.0,0.0,0.0,0.0,0.0,0.0,11.0,0.0,11.0,0.0,11.0,7.0,11.0,2.0
202438,2024-09-21,2024-09-26,lab,ns,1339.0,279.0,1272.0,1.0,0.0,0.0,1.0,1.0,0.0,1177.0,0.0,42.0,0.0,0.0,0.0,0.0,0.0,42.0,0.0,42.0,0.0,42.0,13.0,42.0,1.0
202438,2024-09-21,2024-09-26,lab,nb,1272.0,204.0,859.0,0.0,0.0,0.0,0.0,0.0,0.0,859.0,0.0,153.0,0.0,1.0,2.0,1.0,0.0,153.0,5.0,153.0,0.0,153.0,47.0,153.0,5.0
202438,2024-09-21,2024-09-26,region,atlantic,3522.0,599.0,2814.0,1.0,0.0,0.0,1.0,1.0,0.0,2719.0,0.0,847.0,2.0,1.0,2.0,5.0,0.0,847.0,10.0,847.0,1.0,847.0,217.0,847.0,10.0
202438,2024-09-21,2024-09-26,lab,région nord-est,1622.0,349.0,831.0,0.0,0.0,0.0,0.0,0.0,0.0,452.0,1.0,61.0,0.0,1.0,0.0,1.0,0.0,61.0,0.0,61.0,1.0,61.0,17.0,61.0,0.0
202438,2024-09-21,2024-09-26,lab,québec-chaudière-appalaches,1879.0,316.0,1157.0,3.0,0.0,0.0,0.0,0.0,3.0,1157.0,12.0,558.0,1.0,1.0,0.0,1.0,0.0,572.0,8.0,558.0,0.0,585.0,144.0,504.0,17.0
202438,2024-09-21,2024-09-26,lab,centre-du-québec,2378.0,627.0,857.0,4.0,0.0,0.0,4.0,4.0,0.0,616.0,18.0,38.0,0.0,1.0,0.0,0.0,0.0,38.0,1.0,38.0,0.0,38.0,13.0,39.0,3.0
202438,2024-09-21,2024-09-26,lab,montréal-laval,2129.0,390.0,1504.0,6.0,0.0,0.0,6.0,6.0,0.0,1357.0,23.0,846.0,6.0,7.0,5.0,2.0,0.0,846.0,12.0,850.0,3.0,869.0,134.0,846.0,8.0
202438,2024-09-21,2024-09-26,lab,ouest du québec,1541.0,475.0,518.0,2.0,0.0,0.0,1.0,1.0,1.0,517.0,6.0,10.0,1.0,0.0,0.0,0.0,0.0,10.0,0.0,10.0,0.0,10.0,3.0,10.0,0.0
202438,2024-09-21,2024-09-26,lab,montérégie,1715.0,425.0,800.0,0.0,0.0,0.0,0.0,0.0,0.0,799.0,4.0,2.0,0.0,0.0,0.0,0.0,0.0,2.0,0.0,2.0,0.0,5.0,1.0,2.0,0.0
202438,2024-09-21,2024-09-26,region,qc,11264.0,2582.0,5667.0,15.0,0.0,0.0,11.0,11.0,4.0,4898.0,64.0,1515.0,8.0,10.0,5.0,4.0,0.0,1529.0,21.0,1519.0,4.0,1568.0,312.0,1462.0,28.0
202438,2024-09-21,2024-09-26,lab,phol - ottawa,132.0,44.0,106.0,0.0,0.0,0.0,0.0,0.0,0.0,105.0,0.0,71.0,0.0,0.0,0.0,0.0,1.0,71.0,0.0,71.0,0.0,71.0,15.0,71.0,0.0
202438,2024-09-21,2024-09-26,lab,eorla,701.0,92.0,437.0,2.0,0.0,0.0,2.0,2.0,0.0,437.0,5.0,48.0,0.0,0.0,0.0,0.0,0.0,48.0,1.0,48.0,0.0,48.0,8.0,48.0,0.0
202438,2024-09-21,2024-09-26,lab,phol - kingston,201.0,57.0,105.0,1.0,1.0,0.0,0.0,1.0,0.0,105.0,0.0,66.0,0.0,0.0,0.0,0.0,0.0,66.0,0.0,66.0,0.0,66.0,21.0,66.0,1.0
202438,2024-09-21,2024-09-26,lab,phol - peterborough,97.0,55.0,128.0,1.0,0.0,1.0,0.0,1.0,0.0,128.0,2.0,83.0,0.0,0.0,0.0,0.0,1.0,83.0,1.0,83.0,0.0,83.0,24.0,83.0,0.0
202438,2024-09-21,2024-09-26,lab,phol - toronto,762.0,207.0,799.0,3.0,2.0,0.0,0.0,2.0,1.0,799.0,0.0,702.0,0.0,0.0,0.0,0.0,12.0,703.0,5.0,702.0,4.0,702.0,159.0,702.0,1.0
202438,2024-09-21,2024-09-26,lab,uhn / mount sinai hospital,872.0,131.0,787.0,2.0,0.0,0.0,2.0,2.0,0.0,787.0,0.0,85.0,0.0,0.0,0.0,0.0,0.0,85.0,0.0,85.0,0.0,85.0,5.0,85.0,0.0
202438,2024-09-21,2024-09-26,lab,sick kids hospital - toronto,108.0,9.0,124.0,0.0,0.0,0.0,0.0,0.0,0.0,124.0,2.0,124.0,1.0,1.0,0.0,0.0,0.0,124.0,1.0,124.0,0.0,124.0,49.0,124.0,2.0
202438,2024-09-21,2024-09-26,lab,shared hospital laboratory,1360.0,131.0,996.0,2.0,2.0,0.0,0.0,2.0,0.0,997.0,2.0,987.0,0.0,0.0,0.0,0.0,15.0,987.0,1.0,995.0,1.0,995.0,84.0,995.0,0.0
202438,2024-09-21,2024-09-26,lab,phol - hamilton,72.0,24.0,97.0,0.0,0.0,0.0,0.0,0.0,0.0,97.0,0.0,90.0,0.0,0.0,0.0,0.0,5.0,90.0,2.0,90.0,0.0,90.0,23.0,90.0,0.0
202438,2024-09-21,2024-09-26,lab,st. joseph's - hamilton,1595.0,209.0,1423.0,6.0,0.0,0.0,5.0,5.0,1.0,1423.0,6.0,1423.0,0.0,0.0,4.0,0.0,0.0,1423.0,2.0,1423.0,4.0,1423.0,205.0,0.0,0.0
202438,2024-09-21,2024-09-26,lab,phol - london,408.0,205.0,330.0,0.0,0.0,0.0,0.0,0.0,0.0,330.0,1.0,247.0,0.0,0.0,0.0,0.0,2.0,248.0,1.0,247.0,1.0,247.0,29.0,247.0,0.0
202438,2024-09-21,2024-09-26,lab,st. joseph's - london,549.0,82.0,73.0,0.0,0.0,0.0,0.0,0.0,0.0,73.0,2.0,72.0,0.0,0.0,0.0,0.0,1.0,73.0,1.0,73.0,0.0,73.0,14.0,73.0,0.0
202438,2024-09-21,2024-09-26,lab,phol - orillia,9.0,2.0,5.0,0.0,0.0,0.0,0.0,0.0,0.0,5.0,0.0,5.0,0.0,0.0,0.0,0.0,0.0,5.0,0.0,5.0,0.0,5.0,0.0,5.0,0.0
202438,2024-09-21,2024-09-26,lab,phol - sudbury,23.0,12.0,26.0,0.0,0.0,0.0,0.0,0.0,0.0,26.0,0.0,15.0,0.0,0.0,0.0,0.0,0.0,15.0,0.0,15.0,0.0,15.0,0.0,15.0,0.0
202438,2024-09-21,2024-09-26,lab,phol - timmins,44.0,22.0,44.0,0.0,0.0,0.0,0.0,0.0,0.0,44.0,0.0,25.0,0.0,0.0,0.0,0.0,1.0,25.0,0.0,25.0,0.0,25.0,4.0,25.0,0.0
202438,2024-09-21,2024-09-26,lab,phol - sault ste. marie,7.0,4.0,9.0,0.0,0.0,0.0,0.0,0.0,0.0,9.0,0.0,9.0,0.0,0.0,0.0,0.0,0.0,9.0,0.0,9.0,0.0,9.0,0.0,9.0,0.0
202438,2024-09-21,2024-09-26,lab,sault area hospital,79.0,5.0,75.0,0.0,0.0,0.0,0.0,0.0,0.0,75.0,0.0,68.0,0.0,0.0,0.0,0.0,0.0,68.0,1.0,68.0,0.0,68.0,11.0,68.0,1.0
202438,2024-09-21,2024-09-26,lab,phol - thunder bay,28.0,10.0,28.0,0.0,0.0,0.0,0.0,0.0,0.0,28.0,0.0,25.0,0.0,0.0,0.0,0.0,1.0,25.0,0.0,25.0,0.0,25.0,4.0,25.0,0.0
202438,2024-09-21,2024-09-26,region,on,7047.0,1301.0,5592.0,17.0,5.0,1.0,9.0,15.0,2.0,5592.0,20.0,4145.0,1.0,1.0,4.0,0.0,39.0,4148.0,16.0,4154.0,10.0,4154.0,655.0,2731.0,5.0
202438,2024-09-21,2024-09-26,lab,mb,1105.0,199.0,290.0,0.0,0.0,0.0,0.0,0.0,0.0,290.0,0.0,67.0,0.0,0.0,1.0,1.0,0.0,67.0,2.0,91.0,0.0,67.0,28.0,91.0,0.0
202438,2024-09-21,2024-09-26,lab,sk,1324.0,178.0,947.0,3.0,1.0,0.0,0.0,1.0,2.0,841.0,1.0,371.0,0.0,0.0,0.0,1.0,0.0,371.0,4.0,371.0,1.0,371.0,66.0,371.0,0.0
202438,2024-09-21,2024-09-26,lab,ab,3919.0,472.0,939.0,10.0,4.0,2.0,0.0,7.0,3.0,833.0,1.0,833.0,3.0,2.0,2.0,0.0,0.0,833.0,5.0,761.0,0.0,825.0,180.0,833.0,3.0
202438,2024-09-21,2024-09-26,region,prairies,6348.0,849.0,2176.0,13.0,5.0,2.0,0.0,8.0,5.0,1964.0,2.0,1271.0,3.0,2.0,3.0,2.0,0.0,1271.0,11.0,1223.0,1.0,1263.0,274.0,1295.0,3.0
202438,2024-09-21,2024-09-26,region,bc,2178.0,360.0,2906.0,60.0,13.0,4.0,0.0,60.0,0.0,2906.0,12.0,710.0,7.0,1.0,5.0,3.0,0.0,710.0,2.0,710.0,2.0,702.0,162.0,702.0,3.0
202438,2024-09-21,2024-09-26,lab,yk,50.0,4.0,37.0,0.0,0.0,0.0,0.0,0.0,0.0,37.0,0.0,,,,,,,,,,,,,,
202438,2024-09-21,2024-09-26,lab,nt,47.0,6.0,45.0,0.0,0.0,0.0,0.0,0.0,0.0,45.0,0.0,,,,,,,45.0,0.0,45.0,0.0,45.0,16.0,,
202438,2024-09-21,2024-09-26,lab,nu,111.0,10.0,88.0,0.0,0.0,0.0,0.0,0.0,0.0,88.0,0.0,,,,,,,,,,,,,,
202438,2024-09-21,2024-09-26,region,territories,208.0,20.0,170.0,0.0,0.0,0.0,0.0,0.0,0.0,170.0,0.0,,,,,,,45.0,0.0,45.0,0.0,45.0,16.0,,
202438,2024-09-21,2024-09-26,nation,ca,30567.0,5711.0,19325.0,106.0,23.0,7.0,21.0,95.0,11.0,18249.0,98.0,8488.0,21.0,15.0,19.0,14.0,39.0,8550.0,60.0,8498.0,18.0,8579.0,1636.0,7037.0,49.0
